gene	is_new
A1CF	false
AAAS	false
AADAC	false
AADACL2	false
AADAT	false
AAGAB	false
AAK1	false
AAMDC	false
AAMP	false
AAR2	false
AARD	false
AARS1	false
AARS2	false
AARSD1	false
AASDHPPT	false
AASS	false
AATF	false
AATK	false
ABAT	false
ABCA1	false
ABCA13	false
ABCA17	false
ABCA2	false
ABCA3	false
ABI1	false
ABI2	false
ABITRAM	false
ABL1	false
ABLIM2	false
ABLIM3	false
ABR	false
ABRACL	false
ABRAXAS1	false
ABRAXAS2	false
ABT1	false
ABTB1	false
ABTB2	false
ABTB3	false
ACACA	false
ACADS	false
ACAP3	false
ACAT2	false
ACBD4	false
ACBD6	false
ACD	false
ACIN1	false
ACLY	false
ACOT12	false
ACOX1	false
ACOXL	false
ACP1	false
ACP4	false
ACSS2	false
ACYP1	false
ACYP2	false
ADAM33	false
ADARB1	false
ADARB2	false
ADAT1	false
ADAT2	false
ADAT3	false
ADD1	false
ADIG	false
ADIRF	false
ADK	false
ADNP	false
ADPRH	false
ADPRHL1	false
ADPRM	false
ADPRS	false
ADRA1A	false
AEBP1	false
AEN	false
AFDN	false
AFF1	false
AFF2	false
AFF3	false
AFF4	false
AFMID	false
AGAP2	false
AGBL2	false
AGBL5	false
AGFG1	false
AGL	false
AGO2	false
AGO3	false
AGPAT3	false
AGPAT4	false
AGTPBP1	false
AHCTF1	false
AHCYL2	false
AHDC1	false
AHR	false
AHRR	false
AICDA	false
AIM2	false
AIMP2	false
AIPL1	false
AIRE	false
AIRIM	false
AJUBA	false
AK6	false
AK9	false
AKAP11	false
AKAP13	false
AKAP6	false
AKAP7	false
AKAP8	false
AKAP8L	false
AKIP1	false
AKIRIN1	false
AKIRIN2	false
AKNA	false
AKT2	false
AKT3	false
AKTIP	false
ALG14	false
ALG1L2	false
ALG8	false
ALKBH2	false
ALKBH3	false
ALKBH4	false
ALKBH5	false
ALKBH6	false
ALKBH8	false
ALMS1	false
ALOX5	false
ALOX5AP	false
ALPK3	false
ALX1	false
ALX3	false
ALX4	false
AMD1	false
AMDHD1	false
AMDHD2	false
AMER1	false
AMER2	false
AMER3	false
AMHR2	false
AMMECR1	false
AMMECR1L	false
AMPD3	false
AMZ2	false
ANAPC10	false
ANAPC11	false
ANAPC13	false
ANAPC15	false
ANAPC16	false
ANAPC2	false
ANAPC4	false
ANAPC5	false
ANAPC7	false
ANG	false
ANGEL1	false
ANGEL2	false
ANHX	false
ANKAR	false
ANKDD1A	false
ANKDD1B	false
ANKEF1	false
ANKFN1	false
ANKLE1	false
ANKMY2	false
ANKRA2	false
ANKRD1	false
ANKRD10	false
ANKRD11	false
ANKRD12	false
ANKRD16	false
ANKRD17	false
ANKRD2	false
ANKRD20A1	false
ANKRD22	false
ANKRD23	false
ANKRD29	false
ANKRD30A	false
ANKRD30B	false
ANKRD31	false
ANKRD33	false
ANKRD34B	false
ANKRD35	false
ANKRD36	false
ANKRD36B	false
ANKRD36C	false
ANKRD37	false
ANKRD39	false
ANKRD40	false
ANKRD42	false
ANKRD44	false
ANKRD49	false
ANKRD50	false
ANKRD52	false
ANKRD54	false
ANKRD55	false
ANKRD61	false
ANKRD62	false
ANKRD65	false
ANKRD7	false
ANKS1A	false
ANKS1B	false
ANKS3	false
ANKS4B	false
ANKS6	false
ANLN	false
ANP32B	false
ANP32D	false
ANP32E	false
ANXA10	false
ANXA11	false
ANXA13	false
ANXA2R	false
ANXA5	false
ANXA9	false
AOPEP	false
AOX1	false
AP3B1	false
AP3B2	false
AP5B1	false
AP5S1	false
AP5Z1	false
APAF1	false
APBA1	false
APBB3	false
APEX1	false
APEX2	false
API5	false
APIP	false
APLF	false
APMAP	false
APOBEC3A_B	false
APOL6	false
APPBP2	false
APPL1	false
APRT	false
APTX	false
AQP7B	false
AQR	false
AR	false
ARB2A	false
ARFGAP1	false
ARFGEF1	false
ARFIP1	false
ARFIP2	false
ARGFX	false
ARGLU1	false
ARID1A	false
ARID1B	false
ARID3A	false
ARID3B	false
ARID3C	false
ARID4A	false
ARID4B	false
ARID5A	false
ARID5B	false
ARIH1	false
ARIH2	false
ARK2C	false
ARK2N	false
ARL14EP	false
ARL17A	false
ARL17B	false
ARL2	false
ARL2BP	false
ARL3	false
ARL4A	false
ARL6	false
ARL6IP6	false
ARMC2	false
ARMC5	false
ARMC8	false
ARMCX3	false
ARMCX4	false
ARMCX5	false
ARNT	false
ARNT2	false
ARPP19	false
ARPP21	false
ARRB1	false
ARRB2	false
ARRDC2	false
ARVCF	false
ARX	false
ASAP3	false
ASB1	false
ASB10	false
ASB13	false
ASB18	false
ASB2	false
ASB7	false
ASCC1	false
ASCC2	false
ASCC3	false
ASCL1	false
ASCL2	false
ASCL3	false
ASCL4	false
ASCL5	false
ASF1A	false
ASF1B	false
ASH1L	false
ASH2L	false
ASPA	false
ASPDH	false
ASPM	false
ASPSCR1	false
ASRGL1	false
ASS1	false
ASXL1	false
ASXL2	false
ASXL3	false
ASZ1	false
ATE1	false
ATF1	false
ATF2	false
ATF3	false
ATF4	false
ATF5	false
ATF6	false
ATF6B	false
ATF7	false
ATF7IP	false
ATF7IP2	false
ATG10	false
ATG12	false
ATG13	false
ATG16L2	false
ATG2A	false
ATG4C	false
ATG7	false
ATM	false
ATN1	false
ATOH1	false
ATOH7	false
ATOH8	false
ATOSA	false
ATOSB	false
ATOX1	false
ATR	false
ATRIP	false
ATRNL1	false
ATRX	false
ATXN1	false
ATXN1L	false
ATXN2L	false
ATXN3	false
ATXN3L	false
ATXN7	false
ATXN7L1	false
ATXN7L2	false
ATXN7L3	false
ATXN7L3B	false
ATXN8	false
AUNIP	false
AUP1	false
AURKA	false
AURKAIP1	false
AURKB	false
AURKC	false
AUTS2	false
AVPI1	false
AXIN1	false
AXIN2	false
AZIN1	false
Ahcy	false
Alyref	false
Alyref2	false
Anp32a	false
B4GALNT4	false
B9D1	false
B9D2	false
BABAM1	false
BABAM2	false
BACC1	false
BACH1	false
BACH2	false
BAG1	false
BAG3	false
BAG5	false
BAG6	false
BAHCC1	false
BAHD1	false
BAMBI	false
BANF1	false
BANF2	false
BANK1	false
BANP	false
BAP1	false
BARD1	false
BARHL1	false
BARHL2	false
BARX1	false
BARX2	false
BATF	false
BATF2	false
BATF3	false
BBIP1	false
BBLN	false
BBOF1	false
BBS9	false
BBX	false
BCAR1	false
BCAS3	false
BCCIP	false
BCDIN3D	false
BCL10	false
BCL11B	false
BCL2L1	false
BCL3	false
BCL7A	false
BCL7B	false
BCL7C	false
BCL9	false
BCL9L	false
BCLAF1	false
BCLAF3	false
BCOR	false
BCORL1	false
BCR	false
BDP1	false
BEAN1	false
BECN1	false
BEGAIN	false
BEND2	false
BEND3	false
BEND4	false
BEND5	false
BEND6	false
BEND7	false
BET1L	false
BEX1	false
BEX2	false
BEX4	false
BHLHA15	false
BHLHA9	false
BHLHE22	false
BHLHE23	false
BHLHE40	false
BHLHE41	false
BHMT	false
BICD2	false
BICDL1	false
BICRA	false
BICRAL	false
BIRC2	false
BIRC3	false
BIRC5	false
BIRC7	false
BIVM	false
BKGD	false
BLCAP	false
BLM	false
BLMH	false
BLTP3A	false
BLTP3B	false
BLVRB	false
BLZF1	false
BMAL1	false
BMAL2	false
BMERB1	false
BMP2K	false
BMPR2	false
BMS1	false
BMX	false
BNIP2	false
BNIP3L	false
BOD1	false
BOD1L1	false
BOD1L2	false
BOLA2	false
BOLA2B	false
BOP1	false
BORA	false
BPGM	false
BPNT1	false
BPNT2	false
BPTF	false
BRAP	false
BRAT1	false
BRCA1	false
BRCA2	false
BRCC3	false
BRDT	false
BRF1	false
BRF2	false
BRI3	false
BRICD5	false
BRIP1	false
BRIX1	false
BRK1	false
BRME1	false
BRMS1	false
BRMS1L	false
BROX	false
BRPF1	false
BRPF3	false
BRSK1	false
BRWD1	false
BRWD3	false
BSPRY	false
BSX	false
BTAF1	false
BTBD1	false
BTBD10	false
BTBD16	false
BTBD18	false
BTBD3	false
BTBD6	false
BTBD7	false
BTBD8	false
BTBD9	false
BTF3	false
BTF3L4	false
BTG1	false
BTG2	false
BTNL9	false
BTRC	false
BUB1	false
BUB1B	false
BUB3	false
BUD13	false
BUD23	false
BUD31	false
BYSL	false
Bmi1	false
C10orf62	false
C10orf71	false
C10orf90	false
C11orf21	false
C11orf42	false
C11orf58	false
C11orf68	false
C11orf71	false
C11orf96	false
C12orf43	false
C12orf57	false
C12orf60	false
C14orf39	false
C15orf39	false
C15orf40	false
C16orf46	false
C16orf87	false
C17orf100	false
C17orf107	false
C17orf50	false
C18orf32	false
C19orf33	false
C19orf44	false
C19orf47	false
C19orf53	false
C19orf67	false
C19orf73	false
C19orf84	false
C1D	false
C1GALT1	false
C1orf146	false
C1orf159	false
C1orf162	false
C1orf174	false
C1orf21	false
C1orf216	false
C1orf226	false
C1orf35	false
C1orf52	false
C1orf94	false
C20orf173	false
C20orf194	false
C20orf202	false
C20orf96	false
C21orf58	false
C22orf15	false
C22orf23	false
C22orf31	false
C22orf39	false
C22orf42	false
C2CD2	false
C2CD2L	false
C2CD3	false
C2CD4A	false
C2CD4B	false
C2CD4C	false
C2CD4D	false
C2CD6	false
C2orf42	false
C2orf49	false
C2orf50	false
C2orf68	false
C2orf72	false
C2orf78	false
C2orf81	false
C3orf20	false
C3orf33	false
C3orf36	false
C3orf38	false
C3orf62	false
C3orf80	false
C4orf19	false
C4orf33	false
C4orf45	false
C4orf47	false
C4orf51	false
C4orf54	false
C5orf22	false
C5orf24	false
C5orf34	false
C5orf46	false
C5orf60	false
C5orf63	false
C6orf118	false
C6orf120	false
C6orf132	false
C6orf136	false
C6orf141	false
C6orf163	false
C6orf201	false
C6orf223	false
C6orf226	false
C6orf52	false
C6orf89	false
C7orf25	false
C8orf33	false
C8orf34	false
C8orf48	false
C8orf58	false
C8orf74	false
C8orf76	false
C8orf82	false
C9orf152	false
C9orf153	false
C9orf40	false
C9orf85	false
CA13	false
CABCOCO1	false
CABIN1	false
CABLES1	false
CABLES2	false
CABYR	false
CACHD1	false
CACNA1D	false
CACNA2D3	false
CACUL1	false
CACYBP	false
CAD	false
CADM4	false
CADPS2	false
CALCOCO1	false
CALCOCO2	false
CALML4	false
CALML6	false
CAMK1	false
CAMK1D	false
CAMK2N2	false
CAMK4	false
CAMKK1	false
CAMKK2	false
CAMKMT	false
CAMLG	false
CAMTA1	false
CAMTA2	false
CAND1	false
CAND2	false
CAPG	false
CAPN11	false
CAPNS2	false
CAPS2	false
CAPSL	false
CAPZB	false
CARD8	false
CARF	false
CARHSP1	false
CARM1	false
CARMIL2	false
CARMIL3	false
CARNMT1	false
CASC3	false
CASD1	false
CASK	false
CASKIN1	false
CBARP	false
CBFA2T2	false
CBFA2T3	false
CBFB	false
CBLB	false
CBLC	false
CBLL2	false
CBR1	false
CBR3	false
CBWD3	false
CBWD5	false
CBWD6	false
CBX3P9	false
CBX7	false
CBY1	false
CBY3	false
CC2D1A	false
CC2D1B	false
CC2D2B	false
CCAR1	false
CCAR2	false
CCDC102A	false
CCDC106	false
CCDC107	false
CCDC110	false
CCDC112	false
CCDC117	false
CCDC12	false
CCDC122	false
CCDC125	false
CCDC13	false
CCDC137	false
CCDC138	false
CCDC141	false
CCDC148	false
CCDC149	false
CCDC15	false
CCDC150	false
CCDC152	false
CCDC159	false
CCDC169	false
CCDC17	false
CCDC171	false
CCDC174	false
CCDC175	false
CCDC18	false
CCDC181	false
CCDC183	false
CCDC188	false
CCDC24	false
CCDC27	false
CCDC28A	false
CCDC34	false
CCDC39	false
CCDC59	false
CCDC61	false
CCDC62	false
CCDC63	false
CCDC69	false
CCDC7	false
CCDC71	false
CCDC74A	false
CCDC74B	false
CCDC77	false
CCDC8	false
CCDC81	false
CCDC82	false
CCDC83	false
CCDC85B	false
CCDC85C	false
CCDC86	false
CCDC87	false
CCDC88A	false
CCDC88B	false
CCDC89	false
CCDC9	false
CCDC90B	false
CCDC91	false
CCDC92	false
CCDC97	false
CCDC9B	false
CCER1	false
CCHCR1	false
CCNDBP1	false
CCNK	false
CCNQ	false
CCP110	false
CCSER2	false
CCT8	false
CD1E	false
CD2BP2	false
CD300C	false
CD34	false
CD72	false
CD83	false
CDA	false
CDADC1	false
CDAN1	false
CDC123	false
CDC14A	false
CDCA7	false
CDIN1	false
CDIP1	false
CDK2AP2	false
CDK5RAP2	false
CDKL3	false
CDKL4	false
CDKN2AIPNL	false
CDNF	false
CDPF1	false
CDR2	false
CDRT15L2	false
CDT1	false
CDV3	false
CDX1	false
CDX2	false
CDX4	false
CDY1B	false
CDY2B	false
CDYL	false
CDYL2	false
CEACAM19	false
CEBPA	false
CEBPB	false
CEBPD	false
CEBPE	false
CEBPG	false
CEBPZ	false
CECR2	false
CELF5	false
CEMP1	false
CENPA	false
CENPB	false
CENPBD1	false
CENPC	false
CENPE	false
CENPF	false
CENPH	false
CENPI	false
CENPK	false
CENPL	false
CENPM	false
CENPN	false
CENPO	false
CENPP	false
CENPQ	false
CENPS	false
CENPT	false
CENPU	false
CENPV	false
CENPW	false
CENPX	false
CEP112	false
CEP128	false
CEP131	false
CEP152	false
CEP162	false
CEP164	false
CEP19	false
CEP20	false
CEP250	false
CEP290	false
CEP350	false
CEP55	false
CEP57	false
CEP63	false
CEP68	false
CEP70	false
CEP76	false
CEP78	false
CEP85	false
CEP85L	false
CEPT1	false
CERCAM	false
CERKL	false
CERS2	false
CERS3	false
CERS4	false
CERS5	false
CERT1	false
CES3	false
CETN1	false
CETN2	false
CETN3	false
CFAP119	false
CFAP206	false
CFAP47	false
CFAP61	false
CFAP97D2	false
CFDP1	false
CFL1	false
CFL2	false
CFLAR	false
CGAS	false
CGGBP1	false
CGNL1	false
CGRRF1	false
CHAF1A	false
CHAF1B	false
CHCHD1	false
CHCHD6	false
CHCT1	false
CHD1L	false
CHEK1	false
CHEK2	false
CHFR	false
CHID1	false
CHM	false
CHML	false
CHMP1A	false
CHMP1B	false
CHMP2A	false
CHMP4B	false
CHMP7	false
CHN2	false
CHP2	false
CHPF2	false
CHRAC1	false
CHST1	false
CHST2	false
CHST7	false
CHTF18	false
CHTOP	false
CHUK	false
CIAO1	false
CIAO2A	false
CIAO2B	false
CIAPIN1	false
CIART	false
CIB1	false
CIBAR2	false
CIC	false
CIDEA	false
CIDEC	false
CIITA	false
CILK1	false
CILP2	false
CIMAP1D	false
CIMAP3	false
CIMIP2B	false
CIMIP2C	false
CIMIP3	false
CIMIP6	false
CINP	false
CIP2A	false
CIPC	false
CIR1	false
CIRSR	false
CITED1	false
CITED2	false
CITED4	false
CKAP2	false
CKAP2L	false
CKAP5	false
CKS1B	false
CKS2	false
CLASP1	false
CLBA1	false
CLCN4	false
CLCN6	false
CLDN15	false
CLDND2	false
CLEC16A	false
CLEC18A	false
CLEC18B	false
CLEC18C	false
CLEC19A	false
CLEC2B	false
CLGN	false
CLHC1	false
CLIC2	false
CLIC4	false
CLIC5	false
CLINT1	false
CLIP2	false
CLIP3	false
CLK1	false
CLK2	false
CLK3	false
CLK4	false
CLMN	false
CLN5	false
CLN6	false
CLNS1A	false
CLOCK	false
CLP1	false
CLP2	false
CLPB	false
CLPB2	false
CLPTM1	false
CLPTM1L	false
CLRN1	false
CLRN2	false
CLRN3	false
CLSPN	false
CLSTN2	false
CLSTN3	false
CLTA	false
CLTB	false
CLUAP1	false
CLVS1	false
CLXN	false
CLYBL	false
CMAS	false
CMBL	false
CMC1	false
CMC2	false
CMIP	false
CMPK1	false
CMSS1	false
CMTM1	false
CMTM3	false
CMTM5	false
CMTM8	false
CMYA5	false
CNBD2	false
CNDP1	false
CNDP2	false
CNEP1R1	false
CNFN1	false
CNGA2	false
CNGA4	false
CNKSR1	false
CNMD	false
CNNM1	false
CNNM3	false
CNOT1	false
CNOT10	false
CNOT11	false
CNOT2	false
CNOT6L	false
CNOT7	false
CNOT8	false
CNP	false
CNPPD1	false
CNPY1	false
CNPY2	false
CNPY3	false
CNPY4	false
CNST	false
CNTD1	false
CNTFR	false
CNTLN	false
CNTNAP1	false
CNTNAP5	false
COA3	false
COA4	false
COA5	false
COA6	false
COA7	false
COG1	false
COG2	false
COG3	false
COG5	false
COG6	false
COG7	false
COG8	false
COIL	false
COLCA2	false
COLGALT2	false
COMMD1	false
COMMD10	false
COMMD2	false
COMMD3	false
COMMD4	false
COMMD5	false
COMMD6	false
COMMD8	false
COMMD9	false
COMTD1	false
COP1	false
COPG1	false
COPRS	false
COPS2	false
COPS3	false
COPS4	false
COPS5	false
COPS6	false
COPS7A	false
COPS7B	false
COPS8	false
COPS9	false
COQ10A	false
COQ10B	false
COQ2	false
COQ3	false
COQ4	false
COQ5	false
COQ6	false
COQ7	false
COQ8A	false
COQ8B	false
COQ9	false
CORO1A	false
CORO1C	false
COTL1	false
COX14	false
COX15	false
COX16	false
COX17	false
COX18	false
COX19	false
COX20	false
COX6B1	false
COX7A1	false
COX7A2	false
COX7C	false
COX8A	false
CPA3	false
CPA4	false
CPAMD8	false
CPEB4	false
CPED1	false
CPHXL	false
CPHXL2	false
CPLANE2	false
CPLX1	false
CPLX2	false
CPLX3	false
CPNE1	false
CPNE2	false
CPNE3	false
CPNE4	false
CPNE5	false
CPNE7	false
CPSF1	false
CPSF2	false
CPSF3	false
CPSF3L	false
CPSF4	false
CPSF6	false
CPSF7	false
CPT1C	false
CPT2	false
CPTP	false
CPVL	false
CRABP2	false
CRACD	false
CRACR2A	false
CRACR2B	false
CRADD	false
CRAMP1	false
CRBN	false
CRBNP	false
CRCP	false
CREB1	false
CREB3	false
CREB3L1	false
CREB3L2	false
CREB3L3	false
CREB3L4	false
CREB5	false
CREBBP	false
CREBL2	false
CREBRF	false
CREBZF	false
CRELD1	false
CREM	false
CRIP1	false
CRIP2	false
CRIP3	false
CRIPT	false
CRK	false
CRKL	false
CRLF3	false
CRLS1	false
CRNKL1	false
CROT	false
CRPPA	false
CRTC1	false
CRTC2	false
CRTC3	false
CRX	false
CRY1	false
CRY2	false
CRYAA	false
CRYAB	false
CRYBB1	false
CRYBB2	false
CRYBG1	false
CRYBG2	false
CRYGS	false
CRYL1	false
CRYM	false
CRYZ	false
CRYZL1	false
CS	false
CSAD	false
CSDE1	false
CSE1L	false
CSGALNACT1	false
CSNK1A1	false
CSNK1G1	false
CSNK2A2	false
CSNK2A2IP	false
CSNK2A3	false
CSNK2B	false
CSRNP1	false
CSRNP2	false
CSRNP3	false
CSRP1	false
CSRP2	false
CSRP3	false
CSTA	false
CSTB	false
CSTF1	false
CSTF2	false
CSTF2T	false
CSTF3	false
CSTPP1	false
CTAGE1	false
CTAGE4	false
CTAGE6	false
CTBP1	false
CTBP2	false
CTC1	false
CTCF	false
CTCFL	false
CTDNEP1	false
CTDP1	false
CTDSP1	false
CTDSP2	false
CTDSPL	false
CTDSPL2	false
CTNNAL1	false
CTNNBIP1	false
CTNNBL1	false
CTNND1	false
CTNND2	false
CTPS1	false
CTPS2	false
CTR9	false
CTSV	false
CTTNBP2	false
CTTNBP2NL	false
CTU1	false
CTU2	false
CTXN1	false
CUEDC2	false
CUL4A	true
CUL4B	false
CUL5	false
CUTC	false
CUX1	false
CUX2	false
CWC15	false
CWC27	false
CWF19L1	false
CWF19L2	false
CXADR	false
CXCL14	false
CXXC1	false
CXXC4	false
CXorf21	false
CXorf56	false
CXorf58	false
CYB561A3	false
CYB5D1	false
CYB5D2	false
CYB5R1	false
CYB5R2	false
CYB5R3	false
CYB5RL	false
CYFIP2	false
CYGB	false
CYLD	false
CYP20A1	false
CYP27C1	false
CYP2S1	false
CYP39A1	false
CYP4F22	false
CYP4V2	false
CYP4X1	false
CYP4Z1	false
CYREN	false
CYRIA	false
CYSRT1	false
CYTIP	false
CYYR1	false
Cbll1	false
Cdc14b	false
Chtf8	false
Crxos	false
Csnk1e	false
Csnk2a1	false
DAAM2	false
DAB2	false
DACH1	false
DACH2	false
DACT1	false
DACT3	false
DAG1	false
DAGLA	false
DALRD3	false
DAND5	false
DAP	false
DAPK3	false
DAPL1	false
DAXX	false
DAZ1	false
DAZ2	false
DAZ3	false
DAZ4	false
DAZAP1	false
DAZAP2	false
DAZL	false
DBF4B	false
DBNDD1	false
DBNDD2	false
DBP	false
DBR1	false
DBX1	false
DBX2	false
DCAF1	false
DCAF11	false
DCAF16	false
DCAF4	false
DCAF4L1	false
DCAF4L2	false
DCAF5	false
DCAF6	false
DCAKD	false
DCANP1	false
DCK	false
DCLK1	false
DCLK3	false
DCLRE1A	false
DCLRE1B	false
DCLRE1C	false
DCPH1	false
DCTD	false
DCTN1	false
DCTN2	false
DCTN3	false
DCTN4	false
DCTN5	false
DCTN6	false
DCTPP1	false
DCUN1D1	false
DCUN1D2	false
DCUN1D3	false
DCUN1D4	false
DCUN1D5	false
DDA1	false
DDAH1	false
DDAH2	false
DDB1	false
DDB2	false
DDI2	false
DDIAS	false
DDIT3	false
DDIT4L	false
DDN	false
DDRGK1	false
DDX19A	false
DDX19B	false
DDX31	false
DDX39A	false
DDX39B	false
DDX3Y	false
DDX42	false
DDX46	false
DDX50	false
DDX51	false
DDX52	false
DDX54	false
DDX55	false
DDX56	false
DEDD	false
DEDD2	false
DEF6	false
DEF8	false
DEGS2	false
DEK	false
DELE1	false
DENND10	false
DENND11	false
DENND1B	false
DENND1C	false
DENND2C	false
DENND2D	false
DENND4A	false
DENND4B	false
DENND5B	false
DEPDC1	false
DEPDC1B	false
DEPDC7	false
DEPTOR	false
DERA	false
DESI1	false
DET1	false
DEXI	false
DFFB	false
DGAT1	false
DGCR14	false
DGCR6	false
DGCR6L	false
DGCR8	false
DGKA	false
DGKE	false
DGKQ	false
DGKZ	false
DGUOK	false
DHCR24	false
DHDH	false
DHPS	false
DHRS1	false
DHRS12	false
DHRS13	false
DHRS3	false
DHRS7	false
DHRS7B	false
DHRS7C	false
DHRS9	false
DHX16	false
DHX29	false
DHX30	false
DHX33	false
DHX34	false
DHX36	false
DHX37	false
DHX38	false
DHX40	false
DHX58	false
DHX8	false
DHX9	false
DIAPH1	false
DIAPH2	false
DIAPH3	false
DIDO1	false
DIEXF	false
DIMT1	false
DIO2	false
DIP2A	false
DIP2C	false
DIPK1A	false
DIPK1B	false
DIS3	false
DIS3L	false
DIS3L2	false
DISP2	false
DISP3	false
DKC1	false
DLAT	false
DLD	false
DLEU1	false
DLEU2	false
DLG2	false
DLG3	false
DLG4	false
DLG5	false
DLGAP2	false
DLGAP3	false
DLGAP4	false
DLGAP5	false
DLK2	false
DLL3	false
DLST	false
DLX1	false
DLX2	false
DLX3	false
DLX4	false
DLX5	false
DLX6	false
DMAC2	false
DMAC2L	false
DMAP1	false
DMBX1	false
DMC1	false
DMPK	false
DMRT1	false
DMRT2	false
DMRT3	false
DMRTA1	false
DMRTA2	false
DMRTB1	false
DMRTC1	false
DMRTC1B	false
DMRTC2	false
DMTF1	false
DMTN	false
DMWD	false
DMXL1	false
DMXL2	false
DNA2	false
DNAAF2	false
DNAAF3	false
DNAAF4	false
DNAAF5	false
DNAAF6	false
DNAAF9	false
DNAH12	false
DNAJA1	false
DNAJA2	false
DNAJA3	false
DNAJA4	false
DNAJB1	false
DNAJB11	false
DNAJB12	false
DNAJB13	false
DNAJB14	false
DNAJB2	false
DNAJB5	false
DNAJB6	false
DNAJB8	false
DNAJB9	false
DNAJC1	false
DNAJC10	false
DNAJC11	false
DNAJC13	false
DNAJC14	false
DNAJC15	false
DNAJC16	false
DNAJC17	false
DNAJC18	false
DNAJC19	false
DNAJC2	false
DNAJC21	false
DNAJC22	false
DNAJC24	false
DNAJC25	false
DNAJC27	false
DNAJC28	false
DNAJC3	false
DNAJC30	false
DNAJC4	false
DNAJC5	false
DNAJC5B	false
DNAJC6	false
DNAJC7	false
DNAJC8	false
DNAJC9	false
DNAL1	false
DNLZ	false
DNM1	false
DNM2	false
DNM3	false
DNMBP	false
DNPH1	false
DNTT	false
DNTTIP1	false
DNTTIP2	false
DOC2A	false
DOCK1	false
DOCK10	false
DOCK11	false
DOCK2	false
DOCK3	false
DOCK4	false
DOCK5	false
DOCK7	false
DOCK8	false
DOCK9	false
DOHH	false
DOK1	false
DOLK	false
DONSON	false
DOP1A	false
DOP1B	false
DOT1L	false
DPCD	false
DPEP2	false
DPH1	false
DPH3	false
DPH5	false
DPH6	false
DPH7	false
DPM1	false
DPP3	false
DPP8	false
DPP9	false
DPPA2	false
DPPA3	false
DPPA4	false
DPRX	false
DPY19L3	false
DPY19L4	false
DPY30	false
DPYSL5	false
DQX1	false
DR1	false
DRAP1	false
DRC1	false
DRG1	false
DRG2	false
DRGX	false
DRICH1	false
DROSHA	false
DRP2	false
DSC1	false
DSCAML1	false
DSCC1	false
DSEL	false
DSG2	false
DSN1	false
DSP	false
DST	false
DTD1	false
DTL	false
DTNA	false
DTNB	false
DTNBP1	false
DTWD1	false
DTWD2	false
DTX1	false
DTX2	false
DTX3	false
DTX3L	false
DUS1L	false
DUSP1	false
DUSP10	false
DUSP11	false
DUSP12	false
DUSP13	false
DUSP18	false
DUSP19	false
DUSP2	false
DUSP22	false
DUSP26	false
DUSP28	false
DUSP29	false
DUSP3	false
DUSP4	false
DUSP5	false
DUSP6	false
DUSP7	false
DUSP8	false
DUT	false
DUX1	false
DUX3	false
DUX4	false
DUX5	false
DUXA	false
DUXB	false
DVL2	false
DXO	false
DYNC1I1	false
DYNC1LI1	false
DYNC2I2	false
DYNLL1	false
DYNLL2	false
DYNLRB1	false
DYNLRB2	false
DYNLT1	false
DYNLT2	false
DYNLT2B	false
DYNLT3	false
DYNLT4	false
DYNLT5	false
DYRK1A	false
DYRK1B	false
DYRK2	false
DYRK3	false
DYRK4	false
Derpc	false
Dpy19l2	false
E2F1	false
E2F2	false
E2F3	false
E2F4	false
E2F5	false
E2F6	false
E2F7	false
E2F8	false
E4F1	false
EAF1	false
EAF2	false
EAPP	false
EBF1	false
EBF2	false
EBF3	false
EBF4	false
EBLN2	false
EBNA1BP2	false
EBP	false
ECD	false
ECEL1	false
ECI2	false
ECM2	false
ECPAS	false
ECSIT	false
ECT2	false
ECT2L	false
EDARADD	false
EDEM1	false
EDF1	false
EDRF1	false
EED	false
EEF1AKMT2	false
EEF1AKMT3	false
EEF1AKMT4	false
EEF1AKNMT	false
EEF1B2	false
EEF1D	false
EEF1E1	false
EEF2	false
EEF2K	false
EEFSEC	false
EEIG1	false
EEIG2	false
EEPD1	false
EFCAB12	false
EFCAB13	false
EFCAB14	false
EFCAB5	false
EFCAB6	false
EFCC1	false
EFEMP2	false
EFHB	false
EFHC2	false
EFHD1	false
EFNA1	false
EFNB1	false
EFNB3	false
EFR3A	false
EFS	false
EGLN1	false
EGLN2	false
EGLN3	false
EGR4	false
EHF	false
EHMT1	false
EHMT2	false
EID1	false
EID2	false
EID2B	false
EID3	false
EIF1AD	false
EIF2A	false
EIF2B1	false
EIF2B3	false
EIF2B4	false
EIF2B5	false
EIF2D	false
EIF2S2	false
EIF3B	false
EIF3C	false
EIF3D	false
EIF3E	false
EIF3F	false
EIF3G	false
EIF3H	false
EIF3I	false
EIF3J	false
EIF3K	false
EIF3L	false
EIF3M	false
EIF4A1	false
EIF4A2	false
EIF4E	false
EIF4E2	false
EIF4G1	false
EIF4G2	false
EIF4G3	false
EIF4H	false
EIF5	false
EIF5A	false
EIF5AL1	false
EIF5B	false
EIF6	false
EIPR1	false
ELAC1	false
ELAC2	false
ELF1	false
ELF2	false
ELF3	false
ELF4	false
ELF5	false
ELFN1	false
ELFN2	false
ELK1	false
ELK3	false
ELK4	false
ELL	false
ELL2	false
ELL3	false
ELMOD1	false
ELMOD2	false
ELOA	false
ELOA2	false
ELOA3P	false
ELOC	false
ELOF1	false
ELP1	false
ELP2	false
ELP3	false
ELP4	false
ELP5	false
ELP6	false
EMC4	false
EMC6	false
EMC7	false
EMC9	false
EMD	false
EME1	false
EME2	false
EMG1	false
EML3	false
EML5	false
EMP2	false
EMSY	false
EMX1	false
EMX2	false
EN1	false
EN2	false
ENC1	false
ENDOV	false
ENKD1	false
ENOPH1	false
ENSA	false
ENTPD7	false
ENTREP2	false
ENTREP3	false
ENY2	false
EOGT	false
EOMES	false
EP300	false
EP400	false
EPAS1	false
EPB41	false
EPB41L4A	false
EPC1	false
EPC2	false
EPG5	false
EPHA10	false
EPHX2	false
EPHX3	false
EPM2A	false
EPM2AIP1	false
EPN1	false
EPN3	false
EPOP	false
EPS15L1	false
EQTN	false
ERAL1	false
ERAP1	false
ERBB2	false
ERBIN	false
ERCC6L	false
ERCC6L2	false
ERCC8	false
ERF	false
ERFL	false
ERG	false
ERG28	false
ERGIC1	false
ERGIC2	false
ERH	false
ERI1	false
ERI2	false
ERI3	false
ERICH1	false
ERICH2	false
ERICH3	false
ERICH4	false
ERICH5	false
ERICH6	false
ERLEC1	false
ERLN	false
ERO1A	false
ERP27	false
ERP29	false
ERP44	false
ESCO1	false
ESCO2	false
ESD	false
ESF1	false
ESM1	false
ESPL1	false
ESPN	false
ESPNL	false
ESR2	false
ESRP2	false
ESRRA	false
ESRRB	false
ESRRG	false
ESX1	false
ETAA1	false
ETFDH	false
ETFRF1	false
ETNK1	false
ETNK2	false
ETS1	false
ETS2	false
ETV1	false
ETV2	false
ETV3	false
ETV3L	false
ETV4	false
ETV5	false
ETV6	false
ETV7	false
EVA1A	false
EVA1B	false
EVA1C	false
EVC2	false
EVI5	false
EVI5L	false
EVPLL	false
EVX1	false
EVX2	false
EXD2	false
EXD3	false
EXO1	false
EXO5	false
EXOC1	false
EXOC2	false
EXOC3	false
EXOC3L	false
EXOC3L2	false
EXOC4	false
EXOC5	false
EXOC6	false
EXOC6B	false
EXOC7	false
EXOC8	false
EXOSC1	false
EXOSC2	false
EXOSC3	false
EXOSC4	false
EXOSC5	false
EXOSC7	false
EXOSC8	false
EXOSC9	false
EXT2	false
EYA1	false
EYA2	false
EYA3	false
EYA4	false
EZH1	false
EZH2	false
EZHIP	false
Elob	false
F8A2	false
FA2H	false
FABP1	false
FABP4	false
FABP6	false
FABP7	false
FADD	false
FADS2	false
FADS3	false
FAF1	false
FAH	false
FAM102A	false
FAM102B	false
FAM104A	false
FAM104B	false
FAM107A	false
FAM107B	false
FAM110A	false
FAM110C	false
FAM111A	false
FAM111B	false
FAM114A1	false
FAM117A	false
FAM117B	false
FAM118A	false
FAM120A	false
FAM120AOS	false
FAM120B	false
FAM120C	false
FAM122A	false
FAM124A	false
FAM124B	false
FAM131A	false
FAM131B	false
FAM131C	false
FAM133A	false
FAM133B	false
FAM135A	false
FAM135B	false
FAM136A	false
FAM13A	false
FAM13B	false
FAM13C	false
FAM149A	false
FAM149B1	false
FAM151A	false
FAM151B	false
FAM153A	false
FAM153B	false
FAM153C	false
FAM155A	false
FAM156A	false
FAM156B	false
FAM157A	false
FAM157B	false
FAM157C	false
FAM160A1	false
FAM160A2	false
FAM161A	false
FAM161B	false
FAM162A	false
FAM163B	false
FAM167A	false
FAM168A	false
FAM168B	false
FAM169A	false
FAM169B	false
FAM170A	false
FAM171A1	false
FAM171A2	false
FAM171B	false
FAM172A	false
FAM173A	false
FAM173B	false
FAM174A	false
FAM174B	false
FAM174C	false
FAM175A	false
FAM175B	false
FAM177A1	false
FAM178A	false
FAM178B	false
FAM180A	false
FAM181A	false
FAM181B	false
FAM184A	false
FAM184B	false
FAM185A	false
FAM186A	false
FAM186B	false
FAM187A	false
FAM187B	false
FAM188A	false
FAM189A1	false
FAM189A2	false
FAM192A	false
FAM193A	false
FAM193B	false
FAM196A	false
FAM196B	false
FAM198A	false
FAM199X	false
FAM200A	false
FAM204A	false
FAM206A	false
FAM207A	false
FAM208A	false
FAM208B	false
FAM209A	false
FAM209B	false
FAM20B	false
FAM210A	false
FAM214A	false
FAM216A	false
FAM217B	false
FAM219A	false
FAM219B	false
FAM220A	false
FAM221A	false
FAM222A	false
FAM222B	false
FAM225A	false
FAM226B	false
FAM227A	false
FAM227B	false
FAM228A	false
FAM229B	false
FAM234A	false
FAM240C	false
FAM241B	false
FAM32A	false
FAM47E	false
FAM50A	false
FAM50B	false
FAM53A	false
FAM53B	false
FAM76A	false
FAM76B	false
FAM78A	false
FAM81A	false
FAM89A	false
FAM90A1	false
FAM90A10	false
FAM90A11	false
FAM90A12	false
FAM90A13	false
FAM90A14	false
FAM90A15	false
FAM90A16	false
FAM90A17	false
FAM90A18	false
FAM90A19	false
FAM90A20	false
FAM90A22	false
FAM90A23	false
FAM90A24	false
FAM90A26	false
FAM90A3	false
FAM90A5	false
FAM90A7	false
FAM90A8	false
FAM90A9	false
FAM91A1	false
FAM98B	false
FAM98C	false
FAM9A	false
FAM9B	false
FAM9C	false
FAN1	false
FANCA	false
FANCB	false
FANCC	false
FANCD2	false
FANCD2OS	false
FANCE	false
FANCF	false
FANCG	false
FANCI	false
FANCL	false
FANCM	false
FANK1	false
FAR2	false
FARP1	false
FARP2	false
FARSB	false
FASTK	false
FASTKD1	false
FASTKD2	false
FASTKD3	false
FASTKD5	false
FAU	false
FAXC	false
FBF1	false
FBH1	false
FBL	false
FBLIM1	false
FBLL1	false
FBP2	false
FBRS	false
FBRSL1	false
FBXL17	false
FBXL18	false
FBXL19	false
FBXL2	false
FBXL20	false
FBXL21P	false
FBXL3	false
FBXL4	false
FBXL5	false
FBXL6	false
FBXL8	false
FBXO10	false
FBXO11	false
FBXO15	false
FBXO16	false
FBXO17	false
FBXO18	false
FBXO2	false
FBXO21	false
FBXO22	false
FBXO24	false
FBXO25	false
FBXO27	false
FBXO28	false
FBXO3	false
FBXO30	false
FBXO31	false
FBXO32	false
FBXO33	false
FBXO34	false
FBXO36	false
FBXO38	false
FBXO39	false
FBXO4	false
FBXO40	false
FBXO41	false
FBXO42	false
FBXO43	false
FBXO44	false
FBXO45	false
FBXO46	false
FBXO48	false
FBXO5	false
FBXO6	false
FBXO7	false
FBXO8	false
FBXO9	false
FBXW10	false
FBXW10B	false
FBXW11	false
FBXW12	false
FBXW2	false
FBXW4	false
FBXW5	false
FBXW7	false
FBXW8	false
FBXW9	false
FCF1	false
FCGBP	false
FCHO1	false
FCHO2	false
FCHSD1	false
FCMR	false
FCRL3	false
FCRL4	false
FCRL5	false
FCRL6	false
FCRLA	false
FCRLB	false
FDPS	false
FDXACB1	false
FEM1B	false
FEM1C	false
FEN1	false
FERD3L	false
FERMT2	false
FERRY3	false
FEV	false
FEZ2	false
FGF11	false
FGF12	false
FGF14	false
FGF3	false
FGGY	false
FHAD1	false
FHIP2A	false
FHIP2B	false
FHIT	false
FHL1	false
FHL2	false
FHL3	false
FHL5	false
FIBP	false
FICD	false
FIGLA	false
FIGN	false
FIGNL1	false
FILIP1L	false
FIRRM	false
FKBP14	false
FKBP15	false
FKBP3	false
FKBP4	false
FKBP5	false
FKBP6	false
FKBPL	false
FKTN	false
FLCN	false
FLI1	false
FLII	false
FLYWCH2	false
FMN1	false
FN3KRP	false
FNBP4	false
FNDC11	false
FNDC3A	false
FOS	false
FOSB	false
FOSL1	false
FOSL2	false
FOXA1	false
FOXA2	false
FOXA3	false
FOXB1	false
FOXB2	false
FOXC1	false
FOXC2	false
FOXD1	false
FOXD2	false
FOXD3	false
FOXD4	false
FOXD4L1	false
FOXD4L3	false
FOXD4L4	false
FOXD4L5	false
FOXD4L6	false
FOXE1	false
FOXE3	false
FOXF1	false
FOXF2	false
FOXG1	false
FOXH1	false
FOXI1	false
FOXI2	false
FOXI3	false
FOXJ1	false
FOXJ2	false
FOXJ3	false
FOXK1	false
FOXK2	false
FOXL1	false
FOXL2	false
FOXL2NB	false
FOXL3	false
FOXM1	false
FOXN1	false
FOXN2	false
FOXN3	false
FOXN4	false
FOXO1	false
FOXO3	false
FOXO3B	false
FOXO4	false
FOXO6	false
FOXP1	false
FOXP2	false
FOXP3	false
FOXP4	false
FOXQ1	false
FOXR1	false
FOXR2	false
FOXS1	false
FRA10AC1	false
FRAT2	false
FRG1	false
FRG2	false
FRG2B	false
FRG2C	false
FRK	false
FRMD4A	false
FRMD4B	false
FRMD7	false
FSAF1	false
FSBP	false
FSD1	false
FSD2	false
FSIP1	false
FSTL3	false
FTSJ1	false
FTSJ3	false
FUBP1	false
FUBP3	false
FUT8	false
FUT9	false
FYB1	false
FYTTD1	false
FZR1	false
Fam209	false
Fbxw15	false
Fcor	false
G2E3	false
G3BP1	false
GAB1	false
GAB3	false
GABARAPL2	false
GABPA	false
GABPB1	false
GABPB2	false
GADD45A	false
GADD45B	false
GAL3ST1	false
GAL3ST4	false
GALK2	false
GALM	false
GALNT10	false
GALNT12	false
GALNT14	false
GALNT17	false
GALNT5	false
GALNT6	false
GALNT7	false
GAREM1	false
GARIN1A	false
GARIN1B	false
GARIN3	false
GARIN5A	false
GARNL3	false
GARRE1	false
GAS2	false
GASK1B	false
GATA1	false
GATA2	false
GATA3	false
GATA4	false
GATA5	false
GATA6	false
GBP2	false
GBP3	false
GBP4	false
GBX1	false
GBX2	false
GCAT	false
GCC2	false
GCFC2	false
GCH1	false
GCHFR	false
GCKR	false
GCLC	false
GCLM	false
GCM1	false
GCM2	false
GCNA	false
GCNT1	false
GCNT4	false
GCNT7	false
GDA	false
GDPD3	false
GEMIN2	false
GEMIN4	false
GEMIN5	false
GEMIN6	false
GEMIN7	false
GEMIN8	false
GEN1	false
GET3	false
GET4	false
GFPT1	false
GFUS	false
GGA1	false
GGN	false
GGNBP2	false
GGPS1	false
GGT5	false
GGT7	false
GHDC	false
GID4	false
GID8	false
GIMAP2	false
GIMAP4	false
GIMAP5	false
GIMAP6	false
GIMAP7	false
GIMD1	false
GIN1	false
GINM1	false
GINS1	false
GINS2	false
GINS3	false
GINS4	false
GIPC1	false
GIPC2	false
GIPC3	false
GJA1	false
GJA3	false
GJA4	false
GJA5	false
GJA8	false
GJB1	false
GJB2	false
GJB3	false
GJB5	false
GJB6	false
GJB7	false
GJC1	false
GJC2	false
GJC3	false
GJD2	false
GJD3	false
GJD4	false
GJE1	false
GK5	false
GLB1L	false
GLB1L2	false
GLB1L3	false
GLCCI1	false
GLCE	false
GLDN	false
GLE1	false
GLG1	false
GLI1	false
GLI2	false
GLI3	false
GLI4	false
GLIPR1	false
GLIPR2	false
GLIS1	false
GLIS2	false
GLIS3	false
GLMN	false
GLMP	false
GLO1	false
GLOD4	false
GLRB	false
GLRX	false
GLRX2	false
GLRX3	false
GLRX5	false
GLS2	false
GLT1D1	false
GLTPD2	false
GLTSCR1	false
GLTSCR2	false
GLUD1	false
GLUD2	false
GLUL	false
GLYAT	false
GLYATL1	false
GLYATL2	false
GLYATL3	false
GLYCTK	false
GLYR1	false
GM2A	false
GMCL1	false
GMCL2	false
GMDS	false
GMEB1	false
GMEB2	false
GMFB	false
GMFG	false
GMIP	false
GMNC	false
GMNN	false
GMPPA	false
GMPPB	false
GMPR	false
GMPR2	false
GNA11	false
GNA12	false
GNA13	false
GNA14	false
GNA15	false
GNAI1	false
GNAI2	false
GNAI3	false
GNAL	false
GNAO1	false
GNAQ	false
GNAS	false
GNAZ	false
GNB1	false
GNB1L	false
GNB2	false
GNB3	false
GNB4	false
GNB5	false
GNE	false
GNG10	false
GNG11	false
GNG12	false
GNG13	false
GNG2	false
GNG3	false
GNG4	false
GNG5	false
GNG7	false
GNG8	false
GNGT1	false
GNGT2	false
GNL1	false
GNL2	false
GNL3	false
GNL3L	false
GNLY	false
GNMT	false
GNPAT	false
GNPDA1	false
GNPDA2	false
GNPNAT1	false
GNPTAB	false
GNPTG	false
GNRH1	false
GNRHR	false
GNS	false
GOLGA1	false
GOLGA2	false
GOLGA3	false
GOLGA4	false
GOLGA5	false
GOLGA6A	false
GOLGA6B	false
GOLGA6C	false
GOLGA6D	false
GOLGA7	false
GOLGA7B	false
GOLGA8A	false
GOLGA8B	false
GOLGA8F	false
GOLGA8G	false
GOLGA8H	false
GOLGA8J	false
GOLGA8K	false
GOLGA8M	false
GOLGA8N	false
GOLGA8O	false
GOLGA8Q	false
GOLGA8R	false
GOLGA8S	false
GOLIM4	false
GOLM1	false
GOLPH3	false
GOLPH3L	false
GON4L	false
GON7	false
GORAB	false
GORASP1	false
GORASP2	false
GOSR1	false
GOSR2	false
GOT1	false
GOT1L1	false
GOT2	false
GP1BA	false
GP1BB	false
GP2	false
GP5	false
GP6	false
GP9	false
GPA33	false
GPAA1	false
GPALPP1	false
GPAM	false
GPAT2	false
GPAT3	false
GPAT4	false
GPATCH1	false
GPATCH11	false
GPATCH2	false
GPATCH2L	false
GPATCH3	false
GPATCH4	false
GPATCH8	false
GPBAR1	false
GPBP1	false
GPBP1L1	false
GPC1	false
GPC2	false
GPC3	false
GPC4	false
GPC5	false
GPCPD1	false
GPD1	false
GPD1L	false
GPD2	false
GPER1	false
GPI	false
GPKOW	false
GPLD1	false
GPM6A	false
GPM6B	false
GPN1	false
GPN2	false
GPN3	false
GPNMB	false
GPR107	false
GPR108	false
GPR137	false
GPR137B	false
GPR137C	false
GPR146	false
GPR15	false
GPR153	false
GPR155	false
GPR156	false
GPR158	false
GPR160	false
GPR161	false
GPR162	false
GPR171	false
GPR173	false
GPR174	false
GPR176	false
GPR179	false
GPR180	false
GPR182	false
GPR19	false
GPR21	false
GPR22	false
GPR25	false
GPR26	false
GPR27	false
GPR3	false
GPR31	false
GPR32	false
GPR33	false
GPR34	false
GPR35	false
GPR37	false
GPR37L1	false
GPR39	false
GPR4	false
GPR42	false
GPR45	false
GPR50	false
GPR52	false
GPR55	false
GPR6	false
GPR61	false
GPR62	false
GPR63	false
GPR65	false
GPR68	false
GPR75	false
GPR78	false
GPR82	false
GPR83	false
GPR84	false
GPR85	false
GPR87	false
GPR88	false
GPRASP1	false
GPRC5A	false
GPRC5B	false
GPRC5C	false
GPRC5D	false
GPRC6A	false
GPRIN1	false
GPRIN2	false
GPRIN3	false
GPS1	false
GPS2	false
GPX3	false
GPX4	false
GRAMD2B	false
GRAP2	false
GRB2	false
GRHL1	false
GRHL2	false
GRHL3	false
GRHPR	false
GRINA	false
GRK3	false
GRK5	false
GRWD1	false
GSC	false
GSC2	false
GSE1	false
GSK3A	false
GSK3B	false
GSKIP	false
GSS	false
GSX1	false
GSX2	false
GTPBP4	true
GTSE1	false
GTSF1	false
GTSF1L	false
GUCD1	false
GUCY1A1	false
GVQW3	false
Gm52993	false
Gvin1	false
H4C7	false
HABP4	false
HACE1	false
HACL1	false
HAND1	false
HAND2	false
HAP1	false
HAPSTR1	false
HAPSTR2	false
HARBI1	false
HAS1	false
HASPIN	false
HAT1	false
HAUS2	false
HAUS6	false
HAUS7	false
HBP1	false
HBS1L	false
HBZ	false
HCFC1	false
HCFC1R1	false
HCFC2	false
HDC	false
HDDC2	false
HDDC3	false
HDGF	false
HDGFL1	false
HDGFL2	false
HDGFL3	false
HDHD3	false
HDLBP	false
HDX	false
HEATR1	false
HEATR3	false
HEATR5B	false
HEBP1	false
HECTD1	false
HECTD2	false
HECTD4	false
HECW1	false
HELB	false
HELLS	false
HELQ	false
HELT	false
HEMGN	false
HEMK2	false
HEPACAM2	false
HERC2	false
HERC4	false
HERC6	false
HERPUD2	false
HES1	false
HES2	false
HES3	false
HES4	false
HES5	false
HES6	false
HES7	false
HESX1	false
HEXD	false
HEXIM1	false
HEXIM2	false
HEY1	false
HEY2	false
HEYL	false
HGH1	false
HHEX	false
HIF1A	false
HIF1AN	false
HIF3A	false
HIGD1A	false
HIKESHI	false
HINT1	false
HINT3	false
HIP1	false
HIPK1	false
HIPK2	false
HIPK3	false
HIRA	false
HIRIP3	false
HJURP	false
HLF	false
HLTF	false
HLX	false
HMBOX1	false
HMCES	false
HMG20A	false
HMG20B	false
HMGA2	false
HMGB2	false
HMGB3	false
HMGB4	false
HMGCS1	false
HMGN1	false
HMGN2	false
HMGN3	false
HMGN4	false
HMGN5	false
HMGXB3	false
HMGXB4	false
HMX1	false
HMX2	false
HMX3	false
HNF1A	false
HNF1B	false
HNF4A	false
HNF4G	false
HNMT	false
HOMEZ	false
HOPX	false
HORMAD1	false
HORMAD2	false
HP1BP3	false
HPD	false
HPF1	false
HPGD	false
HPGDS	false
HR	false
HRAS	false
HRCT1	false
HROB	false
HS1BP3	false
HS6ST1	false
HS6ST3	false
HSBP1	false
HSBP1L1	false
HSD17B6	false
HSD3B1	false
HSD3B2	false
HSF2BP	false
HSF3	false
HSF4	false
HSF5	false
HTATSF1	false
HTT	false
HUNK	false
HUS1	false
HUS1B	false
HUWE1	false
HYDIN	false
HYKK	false
HYPK	false
Hmga1	false
IAH1	false
IARS1	false
IBTK	false
ICE1	false
ICE2	false
ID1	false
ID2	false
ID3	false
ID4	false
IDH1	false
IER2	false
IER5	false
IER5L	false
IFFO1	false
IFFO2	false
IFI16	false
IFI35	false
IFI44	false
IFI44L	false
IFRD2	false
IFT140	false
IGDCC3	false
IGFN1	false
IGHMBP2	false
IGSF3	false
IHO1	false
IK	false
IKBKB	false
IKBKE	false
IKBKG	false
ILDR2	false
ILF2	false
ILK	false
ILRUN	false
IMPA2	false
IMPACT	false
IMPDH1	false
IMPDH2	false
INAVA	false
INCA1	false
INCENP	false
INF2	false
INIP	false
INKA1	false
INKA2	false
INPP4A	false
INPP5E	false
INPP5J	false
INPP5K	false
INSYN1	false
INVS	false
IPMK	false
IQCB1	false
IQCE	false
IQCF3	false
IQCK	false
IQGAP3	false
IQSEC1	false
IQSEC3	false
IQUB	false
IRAK1	false
IRAK1BP1	false
IRAK3	false
IRAK4	false
IRS1	false
IRX1	false
IRX2	false
IRX3	false
IRX4	false
IRX5	false
IRX6	false
ISG20	false
ISG20L2	false
ISL1	false
ISL2	false
ISOC2	false
IST1	false
ISX	false
ISYNA1	false
ITCH	false
ITGA7	false
ITGA9	false
ITGB1BP1	false
ITGB3	false
ITGB3BP	false
ITPA	false
ITPKB	false
ITPKC	false
ITPR2	false
ITPRID1	false
ITSN1	false
IVL	false
IVNS1ABP	false
IWS1	false
Ifi203	false
Ifi204	false
Ifi211	false
Ifi214	false
Ifi27l2a	false
Iigp1	false
Isoc2a	false
Isoc2b	false
JADE1	false
JADE2	false
JADE3	false
JAK2	false
JARID2	false
JDP2	false
JHY	false
JKAMP	false
JMJD1C	false
JMJD6	false
JMJD7	false
JMY	false
JPT1	false
JPT2	false
JRK	false
JRKL	false
JUN	false
JUNB	false
JUND	false
KALRN	false
KANK1	false
KANSL1	false
KANSL2	false
KANSL3	false
KASH5	false
KATNA1	false
KATNAL2	false
KATNBL1	false
KATNIP	false
KAZN	false
KBTBD2	false
KBTBD4	false
KBTBD6	false
KBTBD7	false
KCTD1	false
KCTD10	false
KCTD11	false
KCTD13	false
KCTD14	false
KCTD15	false
KCTD19	false
KCTD20	false
KCTD5	false
KCTD6	false
KCTD9	false
KEAP1	false
KHNYN	false
KHSRP	false
KIAA0040	false
KIAA0408	false
KIAA0930	false
KIAA1143	false
KIAA1191	false
KIAA1217	false
KIAA1328	false
KIAA1549	false
KIAA1549L	false
KIAA1586	false
KIAA1614	false
KIAA1755	false
KIDINS220	false
KLF1	false
KLF10	false
KLF11	false
KLF12	false
KLF14	false
KLF15	false
KLF2	false
KLF3	false
KLF5	false
KLF6	false
KLF7	false
KLF9	false
KLHDC10	false
KLHDC2	false
KLHDC3	false
KLHDC4	false
KLHDC7A	false
KLHDC8A	false
KLHDC9	false
KLHL11	false
KLHL15	false
KLHL17	false
KLHL18	false
KLHL2	false
KLHL20	false
KLHL22	false
KLHL23	false
KLHL25	false
KLHL32	false
KLHL35	false
KLHL38	false
KLHL41	false
KLHL42	false
KLHL7	false
KLHL8	false
KLLN	false
KLRB1	false
KLRG2	false
KNL1	false
KNOP1	false
KNSTRN	false
KNTC1	false
KPNA1	false
KPNA2	false
KPNA3	false
KPNA4	false
KPNA6	false
KPNA7	false
KPNB1	false
KPTN	false
KRCC1	false
KRI1	false
KRR1	false
KRTCAP3	false
KTI12	false
KXD1	false
KY	false
KYAT3	false
KYNU	false
LACC1	false
LACTBL1	false
LAGE3	false
LAMTOR2	false
LANCL2	false
LARS1	false
LAS1L	false
LATS2	false
LBH	false
LBHD1	false
LBR	false
LBX1	false
LBX2	false
LCA5L	false
LCMT1	false
LCOR	false
LCORL	false
LDB1	false
LDB2	false
LDB3	false
LDLRAD1	false
LDOC1	false
LEF1	false
LEKR1	false
LEMD2	false
LEMD3	false
LENG1	false
LENG8	false
LENG9	false
LEO1	false
LETMD1	false
LEUTX	false
LFNG	false
LGALS12	false
LGALS13	false
LGALS14	false
LGALS2	false
LGALS3	false
LGALSL	false
LGMN	false
LGSN	false
LHFPL2	false
LHFPL6	false
LHPP	false
LHX1	false
LHX2	false
LHX3	false
LHX4	false
LHX5	false
LHX6	false
LHX8	false
LHX9	false
LIAT1	false
LIG1	false
LIG3	false
LIG4	false
LIMD1	false
LIMD2	false
LIMK1	false
LIMK2	false
LINGO2	false
LINS1	false
LIPA	false
LITAF	false
LKAAEAR1	false
LLPH	false
LMCD1	false
LMNA	false
LMNB1	false
LMNB2	false
LMNTD1	false
LMO1	false
LMO2	false
LMO4	false
LMTK2	false
LMTK3	false
LMX1A	false
LMX1B	false
LNP1	false
LNPK	false
LONRF2	false
LONRF3	false
LORICRIN	false
LOXL2	false
LPIN1	false
LPIN2	false
LPIN3	false
LPP	false
LPXN	false
LRATD1	false
LRATD2	false
LRCH1	false
LRIF1	false
LRIT3	false
LRMDA	false
LRP10	false
LRP12	false
LRR1	false
LRRC10	false
LRRC10B	false
LRRC14	false
LRRC14B	false
LRRC2	false
LRRC20	false
LRRC23	false
LRRC27	false
LRRC28	false
LRRC31	false
LRRC34	false
LRRC40	false
LRRC41	false
LRRC42	false
LRRC46	false
LRRC47	false
LRRC58	false
LRRC59	false
LRRC61	false
LRRC7	false
LRRC73	false
LRRC75A	false
LRRC75B	false
LRRC9	false
LRRFIP1	false
LRRIQ3	false
LRRN3	false
LRRN4	false
LRRN4CL	false
LRWD1	false
LSM8	false
LTA4H	false
LTC4S	false
LTO1	false
LTV1	false
LURAP1L	false
LUZP1	false
LUZP4	false
LXN	false
LYAR	false
LYL1	false
LYPLA1	false
LYPLA2	false
LYRM1	false
LYRM4	false
LYSMD1	false
LYSMD2	false
LYST	false
LZIC	false
LZTR1	false
M1AP	false
MAB21L1	false
MAB21L2	false
MAB21L3	false
MAB21L4	false
MACC1	false
MACIR	false
MACO1	false
MACROD1	false
MACROD2	false
MACROH2A1	false
MACROH2A2	false
MAD1L1	false
MAD2L1	false
MAD2L1BP	false
MAD2L2	false
MAEA	false
MAEL	false
MAF	false
MAF1	false
MAFA	false
MAFB	false
MAFF	false
MAFG	false
MAFK	false
MAGEA1	false
MAGEA10	false
MAGEA11	false
MAGEA2B	false
MAGEA4	false
MAGEA9	false
MAGEA9B	false
MAGEB16	false
MAGEB17	false
MAGEC1	false
MAGEC2	false
MAGED2	false
MAGEH1	false
MAGEL2	false
MAGI1	false
MAGIX	false
MAJIN	false
MAK	false
MALT1	false
MAMDC4	false
MAML1	false
MAML2	false
MAML3	false
MAMLD1	false
MAMSTR	false
MAN1C1	false
MANBAL	false
MAP1S	false
MAP7D2	false
MAP7D3	false
MAP9	false
MAPDA	false
MARCKS	false
MARS1	false
MAST3	false
MAST4	false
MASTL	false
MAT1A	false
MAT2A	false
MATCAP1	false
MATCAP2	false
MATR3	false
MAU2	false
MAX	false
MBIP	false
MBLAC1	false
MBP	false
MBTD1	false
MBTPS2	false
MCC	false
MCIDAS	false
MCMBP	false
MCRIP1	false
MCRIP2	false
MCRS1	false
MCTP2	false
MDC1	false
MDFI	false
MDFIC	false
MDM2	false
MDM4	false
MDP1	false
ME1	false
MEA1	false
MEAF6	false
MEAK7	false
MECOM	false
MECP2	false
MEF2A	false
MEF2B	false
MEF2C	false
MEF2D	false
MEFV	false
MEGF9	false
MEI4	false
MEIKIN	false
MEIOB	false
MEIOC	false
MEIOSIN	false
MEIS1	false
MEIS2	false
MEIS3	false
MEN1	false
MEOX1	false
MEOX2	false
MEPCE	false
MESD	false
MESP1	false
MESP2	false
METAP1	false
METTL14	false
METTL16	false
METTL18	false
METTL21A	false
METTL21C	false
METTL22	false
METTL23	false
METTL25B	false
METTL3	false
METTL4	false
METTL5	false
METTL6	false
MFAP1	false
MFAP3L	false
MFHAS1	false
MFSD8	false
MGA	false
MGAT4B	false
MGAT5B	false
MGMT	false
MID1IP1	false
MIDEAS	false
MIDN	false
MIER1	false
MIER2	false
MIER3	false
MIF4GD	false
MIIP	false
MINDY1	false
MINDY2	false
MINDY3	false
MIOS	false
MIS12	false
MIS18A	false
MIS18BP1	false
MITF	false
MIX23	false
MIXL1	false
MKI67	false
MKKS	false
MKLN1	false
MKNK1	false
MKNK2	false
MKRN1	false
MKRN2	false
MKS1	false
MKX	false
MLF1	false
MLF2	false
MLH1	false
MLIP	false
MLLT1	false
MLLT10	false
MLLT11	false
MLLT3	false
MLLT6	false
MLST8	false
MLX	false
MLXIPL	false
MMACHC	false
MMS19	false
MMS22L	false
MN1	false
MNAT1	false
MND1	false
MNDA	false
MNS1	false
MNT	false
MNX1	false
MOB1A	false
MOB1B	false
MOB2	false
MOCS2	false
MOK	false
MON2	false
MORF4L1	false
MORF4L2	false
MORN1	false
MORN2	false
MORN3	false
MOSPD1	false
MOV10	false
MPG	false
MPHOSPH6	false
MPHOSPH8	false
MPHOSPH9	false
MPND	false
MPO	false
MPPE1	false
MPPED2	false
MRE11	false
MRFAP1	false
MRGBP	false
MRI1	false
MRNIP	false
MRO	false
MROH1	false
MROH6	false
MROH8	false
MRPL40	false
MRPL44	false
MRTFA	false
MRTFB	false
MS4A12	false
MS4A14	false
MSANTD1	false
MSANTD3	false
MSANTD4	false
MSC	false
MSGN1	false
MSL1	false
MSL2	false
MSL3	false
MSL3B	false
MSRA	false
MSRB1	false
MSTO1	false
MSX1	false
MSX2	false
MT1A	false
MT1B	false
MT1E	false
MT1F	false
MT1G	false
MT1H	false
MT1HL1	false
MT1L	false
MT1M	false
MTA1	false
MTA2	false
MTA3	false
MTAP	false
MTBP	false
MTCL3	false
MTCP1	false
MTF1	false
MTF2	false
MTHFSD	false
MTMR10	false
MTMR7	false
MTMR8	false
MTPN	false
MTREX	false
MTRR	false
MTUS1	false
MUS81	false
MUTYH	false
MVB12A	false
MVP	false
MX1	false
MX2	false
MXD1	false
MXD3	false
MXD4	false
MXI1	false
MXRA8	false
MYADM	false
MYB	false
MYBL1	false
MYBL2	false
MYBPH	false
MYCBP2	false
MYCN	false
MYCT1	false
MYD88	false
MYEF2	false
MYEOV	false
MYF5	false
MYF6	false
MYG1	false
MYOD1	false
MYOG	false
MYORG	false
MYOZ1	false
MYOZ2	false
MYPN	false
MYPOP	false
MYRF	false
MYRFL	false
MYRIP	false
MYSM1	false
MZT2B	false
Mfap1a	false
Mfap1b	false
Mndal	false
Mplkip	false
Msx3	false
Mycl	false
Mycs	false
N4BP1	false
N4BP2	false
N4BP2L2	false
N4BP3	false
NAA10	false
NAA15	false
NAA20	false
NAA30	false
NAA35	false
NAA38	false
NAA40	false
NAA50	false
NAALADL2	false
NAB1	false
NAB2	false
NABP1	false
NABP2	false
NACA	false
NACA2	false
NACAD	false
NACC1	false
NACC2	false
NADK	false
NADSYN1	false
NAF1	false
NAGK	false
NAIF1	false
NAMPT	false
NANOGNB	false
NANOGP8	false
NANP	false
NANS	false
NAP1L1	false
NAP1L2	false
NAP1L3	false
NAP1L4	false
NAP1L5	false
NAPEPLD	false
NAPRT	false
NARF	false
NASP	false
NAT10	false
NAT16	false
NAT9	false
NAV2	false
NAV3	false
NBAS	false
NBEAL1	false
NBN	false
NBPF3	false
NBPF4	false
NBPF6	false
NBR1	false
NCAPD2	false
NCAPD3	false
NCAPG2	false
NCAPH	false
NCAPH2	false
NCBP1	false
NCBP2	false
NCBP3	false
NCK1	false
NCKAP5	false
NCKIPSD	false
NCL	false
NCLN	false
NCOA1	false
NCOA2	false
NCOA3	false
NCOA4	false
NCOA5	false
NCOA6	false
NCOA7	false
NCOR1	false
NCOR2	false
NDC1	false
NDC80	false
NDE1	false
NDEL1	false
NDN	false
NDOR1	false
NDRG2	false
NDUFA9	false
NECAB1	false
NEDD1	false
NEDD4	false
NEDD8	false
NEDD9	false
NEFH	false
NEFL	false
NEIL1	false
NEIL2	false
NEIL3	false
NEK1	false
NEK10	false
NEK11	false
NEK2	false
NEK5	false
NEK6	false
NEK7	false
NEK8	false
NEK9	false
NELFA	false
NELFB	false
NELFCD	false
NEMF	false
NEMP1	false
NEMP2	false
NET1	false
NEUROD1	false
NEUROD2	false
NEUROD4	false
NEUROD6	false
NEUROG1	false
NEUROG2	false
NEUROG3	false
NEXMIF	false
NF1	false
NF2	false
NFAT5	false
NFATC1	false
NFATC2	false
NFATC2IP	false
NFATC3	false
NFATC4	false
NFE2	false
NFE2L1	false
NFE2L2	false
NFE2L3	false
NFIA	false
NFIB	false
NFIC	false
NFIL3	false
NFILZ	false
NFIX	false
NFKBIA	false
NFKBIB	false
NFKBID	false
NFKBIE	false
NFKBIL1	false
NFKBIZ	false
NFRKB	false
NFS1	false
NFU1	false
NFX1	false
NFYA	false
NFYB	false
NFYC	false
NGDN	false
NGFR	false
NHEJ1	false
NHLH1	false
NHLH2	false
NHLRC1	false
NHLRC2	false
NHSL1	false
NHSL2	false
NHSL3	false
NIBAN2	false
NICN1	false
NIF3L1	false
NIFK	false
NIN	false
NINL	false
NIP7	false
NIPAL3	false
NIPBL	false
NKAP	false
NKAPL	false
NKIRAS2	false
NKPD1	false
NKRF	false
NKTR	false
NLE1	false
NLK	false
NMD3	false
NME7	false
NME8	false
NMI	false
NMNAT1	false
NMRAL1	false
NMRK1	false
NMRK2	false
NOBOX	false
NOC2L	false
NOC3L	false
NOCT	false
NOM1	false
NONO	false
NOPCHAP1	false
NOS1	false
NOS1AP	false
NOSIP	false
NOTCH1	false
NOTCH3	false
NOTO	false
NPAS1	false
NPAS2	false
NPAS3	false
NPAS4	false
NPAT	false
NPDC1	false
NPEPL1	false
NPEPPS	false
NPHP3	false
NPHP4	false
NPLOC4	false
NPM1	false
NPM2	false
NPM3	false
NPR1	false
NPTXR	false
NQO2	false
NRARP	false
NRBF2	false
NRDE2	false
NRF1	false
NRIP1	false
NRIP2	false
NRK	false
NRL	false
NRM	false
NRSN2	false
NSA2	false
NSFL1C	false
NSL1	false
NSMAF	false
NSMCE1	false
NSMCE2	false
NSMCE3	false
NSMCE4A	false
NSMF	false
NSRP1	false
NSUN5	false
NT5C1B	false
NT5C3A	false
NT5DC1	false
NTAN1	false
NTAQ1	false
NTMT1	false
NTMT2	false
NTRK3	false
NUAK1	false
NUAK2	false
NUB1	false
NUBP1	false
NUBP2	false
NUCKS1	false
NUDC	false
NUDCD1	false
NUDCD2	false
NUDT14	false
NUDT6	false
NUDT8	false
NUF2	false
NUFIP1	false
NUFIP2	false
NUGGC	false
NUMA1	false
NUP37	false
NUP43	false
NUP62	false
NUP62CL	false
NUPR1	false
NUPR2	false
NUS1	false
NUSAP1	false
NUTF2	false
NUTM1	false
NUTM2A	false
NUTM2B	false
NUTM2D	false
NUTM2E	false
NUTM2F	false
NUTM2G	false
NVL	false
NWD1	false
NXF2B	false
NXN	false
NXPE2	false
NYAP2	false
NYNRIN	false
Naa11	false
Nat8f3	false
Ncbp2	false
Nme2	false
Nsun5	false
OAF	false
OARD1	false
OAS3	false
OASL	false
OAZ2	false
OAZ3	false
OBI1	false
ODAM	false
ODR4	false
OFD1	false
OGA	false
OGFOD1	false
OGFOD2	false
OGFOD3	false
OGFR	false
OGFRL1	false
OGG1	false
OGT	false
OIP5	false
OLA1	false
OLFM2	false
OLIG1	false
OLIG2	false
OLIG3	false
ONECUT1	false
ONECUT2	false
ONECUT3	false
OOEP	false
OPHN1	false
OPLAH	false
OSBP	false
OSBPL10	false
OSBPL11	false
OSBPL1A	false
OSBPL3	false
OSBPL7	false
OSBPL8	false
OSER1	false
OSGEP	false
OSGIN1	false
OSGIN2	false
OSMR	false
OSR1	false
OSR2	false
OSTM1	false
OTP	false
OTUD3	false
OTUD4	false
OTUD5	false
OTUD6B	false
OTULINL	false
OTX1	false
OTX2	false
OVCA2	false
OXNAD1	false
Obox1	false
Obox3	false
Obox4	false
Obox5	false
Obox6	false
Obox7	false
Obox8	false
Oog1	false
P2RX6	false
P3H2	false
P3H3	false
PA2G4	false
PAAF1	false
PABIR1	false
PABIR2	false
PABIR3	false
PABPC1L	false
PABPN1	false
PACRGL	false
PACS1	false
PADI1	false
PADI3	false
PADI4	false
PADI6	false
PAF1	false
PAFAH1B1	false
PAFAH1B2	false
PAGE1	false
PAGE3	false
PAGR1	false
PAK1IP1	false
PAK2	false
PAK5	false
PALB2	false
PAN2	false
PAN3	false
PANK1	false
PANO1	false
PAOX	false
PAPOLA	false
PAPOLB	false
PAPOLG	false
PAPSS1	false
PARG	false
PARK7	false
PARN	false
PASD1	false
PASK	false
PATL2	false
PAWR	false
PAX1	false
PAX2	false
PAX3	false
PAX4	false
PAX5	false
PAX6	false
PAX7	false
PAX8	false
PAX9	false
PAXBP1	false
PAXIP1	false
PAXX	false
PBDC1	false
PBOV1	false
PBRM1	false
PBX1	false
PBX2	false
PBX3	false
PBX4	false
PBXIP1	false
PCBD1	false
PCBP3	false
PCED1A	false
PCGF1	false
PCGF3	false
PCGF5	false
PCGF6	false
PCID2	false
PCLAF	false
PCLO	false
PCMTD1	false
PCMTD2	false
PCNA	false
PCNP	false
PCNX1	false
PCP2	false
PCP4	false
PCP4L1	false
PCTP	false
PCYT1A	false
PCYT2	false
PDC	false
PDIK1L	false
PDLIM2	false
PDLIM4	false
PDLIM5	false
PDS5A	false
PDS5B	false
PDX1	false
PDXK	false
PDZD7	false
PDZD9	false
PDZRN3	false
PEA15	false
PEF1	false
PEG10	false
PELI1	false
PELI2	false
PELI3	false
PELP1	false
PEPD	false
PER1	false
PER2	false
PER3	false
PERM1	false
PES1	false
PFKL	false
PFN3	false
PHC1	false
PHC2	false
PHC3	false
PHF1	false
PHF10	false
PHF12	false
PHF13	false
PHF14	false
PHF19	false
PHF2	false
PHF20	false
PHF20L1	false
PHF21A	false
PHF21B	false
PHF23	false
PHF3	false
PHF6	false
PHF7	false
PHF8	false
PHGDH	false
PHIP	false
PHLDA1	false
PHLDA2	false
PHLDB1	false
PHLDB3	false
PHLPP1	false
PHLPP2	false
PHOSPHO2	false
PHOX2A	false
PHOX2B	false
PHPT1	false
PHTF1	false
PHTF2	false
PHYHD1	false
PHYHIP	false
PIANP	false
PIDD1	false
PIERCE1	false
PIF1	false
PIGX	false
PIH1D1	false
PIH1D2	false
PIK3R3	false
PIM1	false
PIMREG	false
PIN4	false
PINX1	false
PIR	false
PITPNA	false
PITPNC1	false
PITX1	false
PITX2	false
PITX3	false
PIWIL4	false
PJA1	false
PKIG	false
PKM	false
PKMYT1	false
PKN2	false
PKN3	false
PKNOX1	false
PKNOX2	false
PKP1	false
PKP2	false
PKP3	false
PLA2G4A	false
PLA2G4C	false
PLA2G4D	false
PLAA	false
PLAAT1	false
PLAAT5	false
PLAC8L1	false
PLCB1	false
PLCB3	false
PLCD4	false
PLCG2	false
PLCXD2	false
PLCZ1	false
PLD3	false
PLD4	false
PLEK	false
PLEKHA1	false
PLEKHA2	false
PLEKHA5	false
PLEKHA7	false
PLEKHA8	false
PLEKHG1	false
PLEKHG2	false
PLEKHG4B	false
PLEKHO2	false
PLK1	false
PLK2	false
PLK3	false
PLK4	false
PLK5	false
PLOD1	false
PLOD2	false
PLPP4	false
PLPP6	false
PLPP7	false
PLPPR2	false
PLPPR3	false
PLRG1	false
PLSCR1	false
PLSCR2	false
PLSCR4	false
PLXDC2	false
PM20D2	false
PMF1	false
PMFBP1	false
PML	false
PMM2	false
PNCK	false
PNKP	false
PNMA8A	false
PNN	false
PNPLA3	false
PNPO	false
PNRC1	false
PNRC2	false
POC1B	false
POF1B	false
POFUT3	false
POFUT4	false
POGLUT2	false
POGLUT3	false
POMT2	false
POPDC3	false
POR	false
POU1F1	false
POU2AF1	false
POU2AF2	false
POU2AF3	false
POU2F1	false
POU2F2	false
POU2F3	false
POU3F1	false
POU3F2	false
POU3F3	false
POU3F4	false
POU4F1	false
POU4F2	false
POU4F3	false
POU5F1	false
POU5F1B	false
POU5F2	false
POU6F1	false
POU6F2	false
PP2D1	false
PPARA	false
PPARD	false
PPARG	false
PPARGC1A	false
PPARGC1B	false
PPDPF	false
PPHLN1	false
PPIB	false
PPID	false
PPIE	false
PPIG	false
PPIL1	false
PPIL2	false
PPIL3	false
PPIL4	false
PPIL6	false
PPM1A	false
PPM1B	false
PPM1D	false
PPM1E	false
PPM1F	false
PPM1G	false
PPRC1	false
PPWD1	false
PQBP1	false
PRAC1	false
PRAC2	false
PRAG1	false
PRAME	false
PRAMEF12	false
PRC1	false
PRCC	false
PRDM11	false
PREB	false
PRELID2	false
PRELID3B	false
PREPL	false
PRICKLE1	false
PRICKLE2	false
PRIM2	false
PRIMPOL	false
PRKAA1	false
PRKAA2	false
PRKCB	false
PRKCI	false
PRKD2	false
PRKDC	false
PRKN	false
PRKRA	false
PRKRIP1	false
PRKX	false
PRM1	false
PRM2	false
PRM3	false
PROB1	false
PROCA1	false
PRODH2	false
PROP1	false
PROSER1	false
PROX1	false
PROX2	false
PRPS2	false
PRPSAP2	false
PRR11	false
PRR12	false
PRR13	false
PRR14	false
PRR14L	false
PRR16	false
PRR19	false
PRR22	false
PRR23A	false
PRR23B	false
PRR23C	false
PRR23E	false
PRR29	false
PRR3	false
PRR32	false
PRR35	false
PRR36	false
PRR7	false
PRR9	false
PRRC2A	false
PRRC2B	false
PRRG1	false
PRRT3	false
PRRT4	false
PRRX1	false
PRRX2	false
PRTFDC1	false
PRUNE1	false
PRXL2B	false
PSKH2	false
PSORS1C1	false
PSPC1	false
PSRC1	false
PSTK	false
PTBP3	false
PTCH2	false
PTEN	false
PTER	false
PTF1A	false
PTGES2	false
PTGES3	false
PTGR3	false
PTGS2	false
PTH1R	false
PTHLH	false
PTK6	false
PTMA	false
PTMS	false
PTOV1	false
PTPA	false
PTRHD1	false
PTTG1IP	false
PTTG2	false
PUDP	false
PURA	false
PURB	false
PURG	false
PUS1	false
PUS10	false
PUS3	false
PUS7	false
PUS7L	false
PVALB	false
PWP1	false
PWP2	false
PWWP2A	false
PWWP2B	false
PWWP3A	false
PXMP4	false
PYCARD	false
PYDC2	false
PYGO1	false
PYGO2	false
PYHIN1	false
PYM1	false
PYROXD1	false
Pak6	false
Phf11a	false
Pin1	false
Pmf1	false
Ppan	false
Pttg1	false
QRICH1	false
QRICH2	false
QSER1	false
QTGAL	false
QTMAN	false
R3HCC1	false
R3HCC1L	false
R3HDM1	false
R3HDM2	false
R3HDM4	false
RAB24	false
RAB34	false
RAB3GAP1	false
RAB3IP	false
RAB6C	false
RABGEF1	false
RABL6	false
RAC1	false
RACGAP1	false
RACK1	false
RAI1	false
RAI14	false
RALGAPA1	false
RALGAPB	false
RALGDS	false
RAMACL	false
RARA	false
RARB	false
RARG	false
RARS1	false
RASAL3	false
RASD1	false
RASGEF1B	false
RASL11A	false
RASL11B	false
RAX	false
RAX2	false
RB1	false
RB1CC1	false
RBL1	false
RBL2	false
RBP1	false
RBP7	false
RBPJ	false
RBPJL	false
RBX1	false
RCAN2	false
RCAN3	false
RCBTB1	false
RCBTB2	false
RCC1	false
RCCD1	false
RCL1	false
RD3	false
RDH14	false
RDH8	false
RDM1	false
REC114	false
REC8	false
RECQL	false
RECQL4	false
RECQL5	false
REDIC1	false
REEP3	false
REL	false
RELA	false
RELB	false
REP15	false
REPIN1	false
RERE	false
RERG	false
RERGL	false
RESF1	false
REST	false
RETREG3	false
REV1	false
REV3L	false
REXO1	false
REXO2	false
REXO4	false
REXO5	false
RFESD	false
RFNG	false
RFPL1	false
RFPL2	false
RFPL3	false
RFPL4A	false
RFWD3	false
RGCC	false
RHBDL1	false
RHCE	false
RHEBL1	false
RHNO1	false
RHOBTB1	false
RHOQ	false
RHOT2	false
RHOXF1	false
RHOXF2	false
RHOXF2B	false
RHPN1	false
RIBC1	false
RIF1	false
RIIAD1	false
RILPL1	false
RILPL2	false
RIMKLA	false
RIMKLB	false
RIMOC1	false
RIMS3	false
RIMS4	false
RIN2	false
RING1	false
RINL	false
RIOK2	false
RIOX1	false
RIOX2	false
RIPK3	false
RIPOR3	false
RIPPLY1	false
RIPPLY2	false
RIPPLY3	false
RIT2	false
RITA1	false
RLBP1	false
RLIM	false
RMC1	false
RMI1	false
RMI2	false
RMND5A	false
RMP24	false
RMP64	false
RNASEH1	false
RNF111	false
RNF113B	false
RNF114	false
RNF138	false
RNF187	false
RNF44	false
RNF6	false
ROGDI	false
ROM1	false
ROPN1L	false
RORA	false
RORB	false
RORC	false
RP2	false
RPAP1	false
RPP21	false
RPRD1A	false
RPRD2	false
RPUSD1	false
RPUSD2	false
RPUSD4	false
RRM2	false
RRM2B	false
RRP8	true
RSL1D1	true
RSPH1	false
RSPH14	false
RSRC1	false
RSRC2	false
RSRP1	false
RTCA	false
RTCB	false
RTEL1	false
RTF1	false
RTF2	false
RTKN	false
RTKN2	false
RTL5	false
RTL6	false
RTN1	false
RTRAF	false
RUBCN	false
RUFY2	false
RUNDC1	false
RUNX1	false
RUNX2	false
RUNX3	false
RUSC1	false
RUSF1	false
RUVBL1	false
RUVBL2	false
RWDD1	false
RWDD2B	false
RWDD3	false
RXRA	false
RXRB	false
RXRG	false
RXYLT1	false
RYBP	false
RYK	false
RYR2	false
Ran	false
Rasl2-9	false
Rhox13	false
Rhox5	false
Rrn3	false
S100PBP	false
S100Z	false
SAAL1	false
SACK1A	false
SACK1G	false
SAE1	false
SAFB	false
SAFB2	false
SAGE1	false
SAMD1	false
SAMD10	false
SAMD11	false
SAMD14	false
SAMD15	false
SAMD4A	false
SAMD4B	false
SAMD7	false
SAMHD1	false
SAMSN1	false
SANBR	false
SAP130	false
SAPCD2	false
SAR1A	false
SARS1	false
SART3	false
SASH1	false
SASH3	false
SATB1	false
SATB2	false
SATL1	false
SAV1	false
SAXO4	false
SAXO6	false
SBDS	false
SBF1	false
SBF2	false
SBNO1	false
SC5D	false
SCAI	false
SCAMP1	false
SCAND1	false
SCARF2	false
SCEL	false
SCFD2	false
SCHIP1	false
SCMH1	false
SCNM1	false
SCOC	false
SCRN2	false
SCX	false
SCYL1	false
SDAD1	false
SDCBP2	false
SDE2	false
SDR39U1	false
SEBOX	false
SEH1L	false
SEL1L2	false
SELENOF	false
SELENOH	false
SELENOM	false
SEM1	false
SEMA4B	false
SENP1	false
SENP2	false
SENP3	false
SENP5	false
SENP6	false
SENP7	false
SENP8	false
SEPHS1	false
SEPHS2	false
SEPTIN10	false
SEPTIN12	false
SEPTIN3	false
SEPTIN5	false
SEPTIN6	false
SEPTIN7	false
SERF1A	false
SERF1B	false
SERF2	false
SERGEF	false
SERPINB10	false
SERPINB13	false
SERPINB9	false
SERTAD1	false
SERTAD2	false
SERTAD3	false
SERTAD4	false
SESN1	false
SESN3	false
SET	false
SETMAR	false
SETX	false
SFMBT1	false
SFMBT2	false
SFR1	false
SFT2D1	false
SGF29	false
SGK1	false
SGK2	false
SGK3	false
SGMS1	false
SGO1	false
SGO2	false
SGSM2	false
SGTA	false
SGTB	false
SHCBP1	false
SHE	false
SHF	false
SHFL	false
SHISA2	false
SHISA5	false
SHISA6	false
SHLD1	false
SHLD2	false
SHLD3	false
SHMT1	false
SHOC1	false
SHOC2	false
SHOX	false
SHOX2	false
SHPK	false
SHPRH	false
SHROOM4	false
SHTN1	false
SIGIRR	false
SIGLEC11	false
SIGLEC15	false
SIK1	false
SIK2	false
SIM1	false
SIM2	false
SIMC1	false
SINHCAF	false
SIPA1	false
SIPA1L2	false
SIRAL1	false
SIRPB2	false
SIVA1	false
SIX1	false
SIX2	false
SIX3	false
SIX4	false
SIX5	false
SIX6	false
SKA1	false
SKA2	false
SKA3	false
SKAP1	false
SKAP2	false
SKI	false
SKIDA1	false
SKIL	false
SKOR1	false
SKOR2	false
SKP1	false
SKP2	false
SLA	false
SLF1	false
SLF2	false
SLFN11	false
SLFN14	false
SLFN5	false
SLTM	false
SLX1A	false
SLX1B	false
SLX4	false
SLX9	false
SMAD1	false
SMAD2	false
SMAD3	false
SMAD4	false
SMAD5	false
SMAD6	false
SMAD7	false
SMAD9	false
SMAP2	false
SMCHD1	false
SMCR8	false
SMKR1	false
SMN2	false
SMOX	false
SMPD4	false
SMS	false
SMTN	false
SMTNL1	false
SMTNL2	false
SMU1	false
SMUG1	false
SMURF2	false
SMYD2	false
SMYD4	false
SMYD5	false
SNAPIN	false
SNCAIP	false
SND1	false
SNF8	false
SNIP1	false
SNRK	false
SNTB2	false
SNTG1	false
SNUPN	false
SNURF	false
SNW1	false
SOBP	false
SOCS1	false
SOCS4	false
SOCS5	false
SOCS6	false
SOD1	false
SOHLH1	false
SOS2	false
SOWAHB	false
SOX1	false
SOX10	false
SOX11	false
SOX12	false
SOX13	false
SOX14	false
SOX15	false
SOX17	false
SOX18	false
SOX2	false
SOX21	false
SOX3	false
SOX30	false
SOX4	false
SOX5	false
SOX6	false
SOX7	false
SOX8	false
SOX9	false
SP1	false
SP110	false
SP140	false
SP140L	false
SP2	false
SP3	false
SP4	false
SP5	false
SP6	false
SP8	false
SP9	false
SPACA9	false
SPAG4	false
SPAG5	false
SPAG7	false
SPAG8	false
SPANXA1	false
SPANXA2	false
SPANXB1	false
SPANXC	false
SPANXD	false
SPANXN2	false
SPANXN3	false
SPANXN4	false
SPAST	false
SPATA12	false
SPATA13	false
SPATA17	false
SPATA18	false
SPATA2	false
SPATA22	false
SPATA24	false
SPATA2L	false
SPATA31F1	false
SPATA31H1	false
SPATA33	false
SPATA4	false
SPATA45	false
SPATA46	false
SPATS1	false
SPATS2L	false
SPC24	false
SPC25	false
SPDEF	false
SPDL1	false
SPDYA	false
SPECC1	false
SPEF2	false
SPEG	false
SPEN	false
SPG11	false
SPHK2	false
SPI1	false
SPIB	false
SPIC	false
SPIDR	false
SPIN1	false
SPIN2A	false
SPIN2B	false
SPIN3	false
SPIN4	false
SPINDOC	false
SPMAP2	false
SPN	false
SPO11	false
SPOCD1	false
SPOPL	false
SPOUT1	false
SPR	false
SPRED1	false
SPRR4	false
SPRTN	false
SPRY1	false
SPRY3	false
SPRYD3	false
SPRYD4	false
SPSB3	false
SPSB4	false
SPTBN4	false
SPTY2D1	false
SPZ1	false
SQSTM1	false
SRA1	false
SRARP	false
SRCAP	false
SREBF1	false
SREBF2	false
SREK1IP1	false
SRF	false
SRFBP1	false
SRI	false
SRM	false
SRP19	false
SRP54	false
SRP68	false
SRRM1	false
SRRT	false
SRY	false
SS18	false
SS18L1	false
SS18L2	false
SSBP2	false
SSBP3	false
SSBP4	false
SSH1	false
SSH3	false
SSNA1	false
SSRP1	false
SSU72	false
SSUH2	false
SSX1	false
SSX2	false
SSX2B	false
SSX2IP	false
SSX3	false
SSX4	false
SSX4B	false
SSX5	false
SSX7	false
ST14	false
ST6GAL2	false
ST6GALNAC1	false
ST6GALNAC3	false
ST6GALNAC4	false
ST7	false
STAB1	false
STAG1	false
STAG2	false
STAG3	false
STAM2	false
STAMBP	false
STAP1	false
STARD3	false
STARD9	false
STAT1	false
STAT2	false
STAT3	false
STAT4	false
STAT5A	false
STAT5B	false
STAT6	false
STEAP3	false
STEEP1	false
STH	false
STIL	false
STIP1	false
STN1	false
STON2	false
STOX1	false
STOX2	false
STPG1	false
STPG4	false
STRA8	false
STRADA	false
STRADB	false
STRAP	false
STRN	false
STUB1	false
STX12	false
STX1B	false
STX2	false
STX3	false
STX5	false
STX6	false
STXBP1	false
STYK1	false
STYX	false
STYXL2	false
SUB1	false
SUCO	false
SUDS3	false
SUFU	false
SUGT1	false
SULT1B1	false
SULT1E1	false
SULT2B1	false
SUN1	false
SUN2	false
SUN3	false
SUN5	false
SUPT16H	false
SUPT20H	false
SUPT3H	false
SUPT4H1	false
SUPT5H	false
SUPT6H	false
SUPT7L	false
SURF2	false
SURF4	false
SURF6	false
SUSD1	false
SUV39H1	false
SUV39H2	false
SUZ12	false
SV2C	false
SWI5	false
SYAP1	false
SYCE1	false
SYCE2	false
SYCE3	false
SYCP1	false
SYCP2	false
SYCP2L	false
SYDE1	false
SYDE2	false
SYMPK	false
SYN2	false
SYNE1	false
SYNE2	false
SYNE3	false
SYNE4	false
SYNGAP1	false
SYNJ1	false
SYNPO2	false
SYNPR	false
SYT10	false
SYT17	false
SYTL3	false
SYVN1	false
SZT2	false
Selenbp1	false
Selenbp2	false
Serf1	false
Serpina3g	false
Sgo2a	false
Slfn1	false
Smn1	false
Sohlh2	false
Sox19	false
Sp100	false
Spdye4a	false
Spin2c	false
Spop	false
Ssxa1	false
Sycp3	false
TAB2	false
TAB3	false
TACC1	false
TACC2	false
TACSTD2	false
TADA1	false
TADA2A	false
TADA2B	false
TADA3	false
TAFA2	false
TAGLN	false
TAL1	false
TALDO1	false
TANK	false
TAPBP	false
TAPT1	false
TARDBP	false
TARS3	false
TAS2R5	false
TASL	false
TASOR	false
TASOR2	false
TATDN1	false
TATDN2	false
TATDN3	false
TAX1BP3	false
TBATA	false
TBC1D1	false
TBC1D10C	false
TBC1D12	false
TBC1D14	false
TBC1D19	false
TBC1D2	false
TBC1D22A	false
TBC1D22B	false
TBC1D28	false
TBC1D8	false
TBC1D9B	false
TBCA	false
TBCK	false
TBK1	false
TBKBP1	false
TBL1X	false
TBL1XR1	false
TBL1Y	false
TBL3	false
TBP	false
TBPL1	false
TBPL2	false
TBR1	false
TBRG1	false
TBX1	false
TBX10	false
TBX15	false
TBX18	false
TBX19	false
TBX2	false
TBX20	false
TBX21	false
TBX22	false
TBX3	false
TBX4	false
TBX5	false
TBX6	false
TBXT	false
TC2N	false
TCEANC	false
TCEANC2	false
TCERG1	false
TCERG1L	false
TCF12	false
TCF15	false
TCF19	false
TCF20	false
TCF21	false
TCF23	false
TCF24	false
TCF25	false
TCF3	false
TCF4	false
TCF7	false
TCF7L1	false
TCF7L2	false
TCFL5	false
TCHHL1	false
TCIM	false
TCL1A	false
TCOF1	false
TCP10L	false
TCP11L2	false
TDG	false
TDP1	false
TDP2	false
TDRD3	false
TDRD9	false
TDRP	false
TEAD1	false
TEAD2	false
TEAD3	false
TEAD4	false
TECPR2	false
TEDC1	false
TEDC2	false
TEF	false
TELO2	false
TEN1	false
TENM1	false
TENM2	false
TENT2	false
TENT4A	false
TENT4B	false
TENT5A	false
TENT5B	false
TENT5C	false
TEP1	false
TERB1	false
TERB2	false
TERF1	false
TERF2	false
TERF2IP	false
TERT	false
TESC	false
TESK2	false
TESMIN	false
TET2	false
TET3	false
TEX10	false
TEX11	false
TEX12	false
TEX13C	false
TEX14	false
TEX15	false
TEX19	false
TEX2	false
TEX261	false
TEX264	false
TEX35	false
TEX52	false
TEX55	false
TEX9	false
TFAP2A	false
TFAP2B	false
TFAP2C	false
TFAP2D	false
TFAP2E	false
TFAP4	false
TFCP2	false
TFCP2L1	false
TFDP2	false
TFDP3	false
TFE3	false
TFEB	false
TFEC	false
TFIP11	false
TFPT	false
TGDS	false
TGFB1I1	false
TGIF1	false
TGIF2	false
TGIF2LX	false
TGIF2LY	false
TGS1	false
TH	false
THAP1	false
THAP10	false
THAP11	false
THAP2	false
THAP3	false
THAP4	false
THAP5	false
THAP6	false
THAP7	false
THAP8	false
THBD	false
THEMIS	false
THEMIS2	false
THNSL1	false
THRA	false
THRAP3	false
THRB	false
THRSP	false
THSD7B	false
THTPA	false
THUMPD2	false
THUMPD3	false
THYN1	false
TIAM2	false
TICRR	false
TIFA	false
TIMELESS	false
TIMM50	false
TINF2	false
TIPARP	false
TIPIN	false
TJP2	false
TJP3	false
TKFC	false
TKT	false
TLCD4	false
TLE1	false
TLE2	false
TLE3	false
TLE4	false
TLE5	false
TLE6	false
TLK1	false
TLK2	false
TLNRD1	false
TLR2	false
TLX1	false
TLX2	false
TLX3	false
TM2D1	false
TM2D2	false
TM2D3	false
TMA16	false
TMA7	false
TMA7B	false
TMC5	false
TMC6	false
TMC8	false
TMCO5A	false
TMCO6	false
TMF1	false
TMOD2	false
TMPO	false
TMPPE	false
TMSB4X	false
TMTC1	false
TMUB1	false
TMX4	false
TNFAIP1	false
TNFAIP2	false
TNFAIP8	false
TNFAIP8L2	false
TNFRSF19	false
TNFSF4	false
TNIK	false
TNIP1	false
TNIP2	false
TNIP3	false
TNKS	false
TNKS1BP1	false
TNKS2	false
TNMD	false
TNNC1	false
TNNC2	false
TNNI1	false
TNNT1	false
TNNT2	false
TNP1	false
TNP2	false
TNPO1	false
TNPO2	false
TNPO3	false
TNRC6A	false
TNRC6C	false
TOB1	false
TOE1	false
TOGARAM1	false
TOGARAM2	false
TOLLIP	false
TONSL	false
TOPORS	false
TOR1A	false
TOR1AIP1	false
TOR1AIP2	false
TOR1B	false
TOR4A	false
TOX	false
TOX2	false
TOX3	false
TOX4	false
TP53	false
TP53BP1	false
TP53BP2	false
TP53INP1	false
TP53INP2	false
TP53RK	false
TP53TG5	false
TP63	false
TP73	false
TPCN2	false
TPI1	false
TPP2	false
TPPP	false
TPR	false
TPRG1	false
TPRKB	false
TPRN	false
TPRX1	false
TPRX2	false
TPX2	false
TRA2A	false
TRADD	false
TRAF1	false
TRAF4	false
TRAF6	false
TRAF7	false
TRAIP	false
TRAK1	false
TRAK2	false
TRANK1	false
TRAPPC12	false
TRAPPC13	false
TREX1	false
TREX2	false
TRIB2	false
TRIB3	false
TRIM11	false
TRIM15	false
TRIM24	false
TRIM29	false
TRIM32	false
TRIM33	false
TRIM35	false
TRIM37	false
TRIM41	false
TRIM45	false
TRIM47	false
TRIM49D1	false
TRIM49D2	false
TRIM51	false
TRIM51G	false
TRIM52	false
TRIM55	false
TRIM56	false
TRIM60	false
TRIM61	false
TRIM63	false
TRIM65	false
TRIM66	false
TRIM68	false
TRIM69	false
TRIM7	false
TRIM8	false
TRIOBP	false
TRIP12	false
TRIP13	false
TRIP4	false
TRIP6	false
TRIR	false
TRMO	false
TRMT1	false
TRMT10A	false
TRMT10B	false
TRMT11	false
TRMT112	false
TRMT13	false
TRMT1L	false
TRMT44	false
TRMT5	false
TRMT9B	false
TRNAU1AP	false
TRNP1	false
TRPM7	false
TRRAP	false
TRUB1	false
TSACC	false
TSC22D1	false
TSC22D3	false
TSC22D4	false
TSEN15	false
TSEN2	false
TSEN34	false
TSEN54	false
TSG101	false
TSNAX	false
TSNAXIP1	false
TSPAN13	false
TSPAN2	false
TSPAN3	false
TSPAN31	false
TSPAN32	false
TSPAN6	false
TSPAN9	false
TSPY1	false
TSPY10	false
TSPY2	false
TSPY3	false
TSPY4	false
TSPY8	false
TSPY9	false
TSPYL1	false
TSPYL2	false
TSPYL6	false
TSR1	false
TSR2	false
TSSK1B	false
TSSK3	false
TSSK6	false
TSTD1	false
TSTD2	false
TTBK1	false
TTBK2	false
TTC12	false
TTC13	false
TTC14	false
TTC21A	false
TTC24	false
TTC27	false
TTC3	false
TTC31	false
TTC32	false
TTC33	false
TTC36	false
TTC39C	false
TTC4	false
TTC5	false
TTC8	false
TTC9	false
TTC9B	false
TTC9C	false
TTF1	false
TTF2	false
TTI1	false
TTI2	false
TTK	false
TTL	false
TTLL12	false
TTLL2	false
TTLL5	false
TTLL9	false
TTN	false
TUBD1	false
TUBGCP2	false
TUSC1	false
TWIST1	false
TWIST2	false
TXK	false
TXLNA	false
TXLNG	false
TXN	false
TXNDC9	false
TXNIP	false
TXNL1	false
TXNL4A	false
TXNL4B	false
TXNRD1	false
TXNRD3	false
TYMP	false
TYSND1	false
TYW1	false
TYW1B	false
TYW2	false
Tbl1x	false
Tex19.1	false
Tex19.2	false
Tex24	false
Tfdp1	false
Tincr	false
Tnni3k	false
Trap1a	false
Trappc2	false
Trim30a	false
Tsga8	false
Txnl4a	false
U2SURP	false
UACA	false
UBTF	false
UBXN1	false
UBXN2A	false
UBXN2B	false
UBXN4	false
UBXN6	false
UBXN7	false
UBXN8	false
UCK1	false
UCK2	false
UCKL1	false
UEVLD	false
UFC1	false
UFD1	false
UFL1	false
UFM1	false
UFSP2	false
UHMK1	false
UIMC1	false
UMAD1	false
UNC45A	false
UNC93B1	false
UNCX	false
UNG	false
UPK3A	false
UPP1	false
UPP2	false
UPRT	false
URB1	false
URB2	false
URGCP	false
URI1	false
URM1	false
UROD	false
UROS	false
USB1	false
USF1	false
USF2	false
USF3	false
USHBP1	false
USO1	false
UTY	false
UVRAG	false
UVSSA	false
UXT	false
Ubtfl1	false
VAX1	false
VAX2	false
VBP1	false
VCF1	false
VCP	false
VCPIP1	false
VDR	false
VENTX	false
VEZT	false
VGLL1	false
VGLL2	false
VGLL3	false
VGLL4	false
VHL	false
VIRMA	false
VOPP1	false
VPS13D	false
VPS25	false
VPS33A	false
VPS36	false
VPS37A	false
VPS51	false
VPS54	false
VPS72	false
VPS9D1	false
VRK1	false
VRK3	false
VRTN	false
VSIG10L	false
VSIG2	false
VSIG4	false
VSX1	false
VSX2	false
VTA1	false
VWA3B	false
VWA5A	false
VWA5B2	false
VXN	false
WAC	false
WAPL	false
WAS	false
WASHC4	false
WASL	false
WBP1L	false
WBP2	false
WBP4	false
WDCP	false
WDFY3	false
WDFY4	false
WDHD1	false
WDR11	false
WDR12	false
WDR13	false
WDR17	false
WDR18	false
WDR19	false
WDR20	false
WDR25	false
WDR26	false
WDR27	false
WDR3	false
WDR31	false
WDR36	false
WDR37	false
WDR4	false
WDR41	false
WDR43	false
WDR45B	false
WDR46	false
WDR48	false
WDR49	false
WDR5	false
WDR55	false
WDR5B	false
WDR62	false
WDR7	false
WDR74	false
WDR75	false
WDR76	false
WDR77	false
WDR82	false
WDR83	false
WDR86	false
WDR88	false
WDSUB1	false
WEE1	false
WEE2	false
WIPI1	false
WIPI2	false
WNK1	false
WRAP53	false
WRN	false
WRNIP1	false
WSCD1	false
WSCD2	false
WT1	false
WWC1	false
WWOX	false
WWP2	false
WWTR1	false
XAF1	false
XAGE1A	false
XAGE1B	false
XAGE5	false
XBP1	false
XIRP1	false
XIRP2	false
XK	false
XNDC1N	false
XPA	false
XPC	false
XPOT	false
XRCC1	false
XRCC2	false
XRCC3	false
XRCC4	false
XRCC5	false
XRCC6	false
XRN2	false
XRRA1	false
XYLB	false
Xiap	false
Xlr5c	false
YAE1	false
YAF2	false
YAP1	false
YARS1	false
YBEY	false
YBX2	false
YBX3	false
YEATS2	false
YEATS4	false
YIPF1	false
YIPF5	false
YLPM1	false
YOD1	false
YPEL1	false
YPEL2	false
YPEL3	false
YPEL4	false
YPEL5	false
YWHAE	false
YWHAH	false
YWHAQ	false
YWHAZ	false
YY1	false
YY1AP1	false
ZAR1L	false
ZBP1	false
ZHX1	false
ZMPSTE24	false
ZNG1A	false
ZNG1B	false
ZNG1C	false
ZNG1E	false
ZNG1F	false
ZNRF2	false
ZRANB1	true
ZW10	false
ZWILCH	false
ZWINT	false
ZYG11A	false
ZYX	false
Zng1	false
merged_symbol	false
